{"variants":{"power=0":[{"model":"block/variants/stack_of_books_0"},{"model":"block/variants/stack_of_books_0","y":90},{"model":"block/variants/stack_of_books_0","y":180},{"model":"block/variants/stack_of_books_0","y":270},{"model":"block/variants/stack_of_books_1"},{"model":"block/variants/stack_of_books_1","y":90},{"model":"block/variants/stack_of_books_1","y":180},{"model":"block/variants/stack_of_books_1","y":270},{"model":"block/variants/stack_of_books_2"},{"model":"block/variants/stack_of_books_2","y":90},{"model":"block/variants/stack_of_books_2","y":180},{"model":"block/variants/stack_of_books_2","y":270}],"power=1":[{"model":"block/variants/stack_of_books_0"},{"model":"block/variants/stack_of_books_0","y":90},{"model":"block/variants/stack_of_books_0","y":180},{"model":"block/variants/stack_of_books_0","y":270},{"model":"block/variants/stack_of_books_1"},{"model":"block/variants/stack_of_books_1","y":90},{"model":"block/variants/stack_of_books_1","y":180},{"model":"block/variants/stack_of_books_1","y":270},{"model":"block/variants/stack_of_books_2"},{"model":"block/variants/stack_of_books_2","y":90},{"model":"block/variants/stack_of_books_2","y":180},{"model":"block/variants/stack_of_books_2","y":270}],"power=2":[{"model":"block/variants/stack_of_books_0"},{"model":"block/variants/stack_of_books_0","y":90},{"model":"block/variants/stack_of_books_0","y":180},{"model":"block/variants/stack_of_books_0","y":270},{"model":"block/variants/stack_of_books_1"},{"model":"block/variants/stack_of_books_1","y":90},{"model":"block/variants/stack_of_books_1","y":180},{"model":"block/variants/stack_of_books_1","y":270},{"model":"block/variants/stack_of_books_2"},{"model":"block/variants/stack_of_books_2","y":90},{"model":"block/variants/stack_of_books_2","y":180},{"model":"block/variants/stack_of_books_2","y":270}],"power=3":[{"model":"block/variants/stack_of_books_0"},{"model":"block/variants/stack_of_books_0","y":90},{"model":"block/variants/stack_of_books_0","y":180},{"model":"block/variants/stack_of_books_0","y":270},{"model":"block/variants/stack_of_books_1"},{"model":"block/variants/stack_of_books_1","y":90},{"model":"block/variants/stack_of_books_1","y":180},{"model":"block/variants/stack_of_books_1","y":270},{"model":"block/variants/stack_of_books_2"},{"model":"block/variants/stack_of_books_2","y":90},{"model":"block/variants/stack_of_books_2","y":180},{"model":"block/variants/stack_of_books_2","y":270}],"power=4":[{"model":"block/variants/stack_of_books_0"},{"model":"block/variants/stack_of_books_0","y":90},{"model":"block/variants/stack_of_books_0","y":180},{"model":"block/variants/stack_of_books_0","y":270},{"model":"block/variants/stack_of_books_1"},{"model":"block/variants/stack_of_books_1","y":90},{"model":"block/variants/stack_of_books_1","y":180},{"model":"block/variants/stack_of_books_1","y":270},{"model":"block/variants/stack_of_books_2"},{"model":"block/variants/stack_of_books_2","y":90},{"model":"block/variants/stack_of_books_2","y":180},{"model":"block/variants/stack_of_books_2","y":270}],"power=5":[{"model":"block/variants/stack_of_books_0"},{"model":"block/variants/stack_of_books_0","y":90},{"model":"block/variants/stack_of_books_0","y":180},{"model":"block/variants/stack_of_books_0","y":270},{"model":"block/variants/stack_of_books_1"},{"model":"block/variants/stack_of_books_1","y":90},{"model":"block/variants/stack_of_books_1","y":180},{"model":"block/variants/stack_of_books_1","y":270},{"model":"block/variants/stack_of_books_2"},{"model":"block/variants/stack_of_books_2","y":90},{"model":"block/variants/stack_of_books_2","y":180},{"model":"block/variants/stack_of_books_2","y":270}],"power=6":[{"model":"block/variants/stack_of_books_0"},{"model":"block/variants/stack_of_books_0","y":90},{"model":"block/variants/stack_of_books_0","y":180},{"model":"block/variants/stack_of_books_0","y":270},{"model":"block/variants/stack_of_books_1"},{"model":"block/variants/stack_of_books_1","y":90},{"model":"block/variants/stack_of_books_1","y":180},{"model":"block/variants/stack_of_books_1","y":270},{"model":"block/variants/stack_of_books_2"},{"model":"block/variants/stack_of_books_2","y":90},{"model":"block/variants/stack_of_books_2","y":180},{"model":"block/variants/stack_of_books_2","y":270}],"power=7":[{"model":"block/variants/stack_of_books_0"},{"model":"block/variants/stack_of_books_0","y":90},{"model":"block/variants/stack_of_books_0","y":180},{"model":"block/variants/stack_of_books_0","y":270},{"model":"block/variants/stack_of_books_1"},{"model":"block/variants/stack_of_books_1","y":90},{"model":"block/variants/stack_of_books_1","y":180},{"model":"block/variants/stack_of_books_1","y":270},{"model":"block/variants/stack_of_books_2"},{"model":"block/variants/stack_of_books_2","y":90},{"model":"block/variants/stack_of_books_2","y":180},{"model":"block/variants/stack_of_books_2","y":270}],"power=8":[{"model":"block/variants/stack_of_books_0"},{"model":"block/variants/stack_of_books_0","y":90},{"model":"block/variants/stack_of_books_0","y":180},{"model":"block/variants/stack_of_books_0","y":270},{"model":"block/variants/stack_of_books_1"},{"model":"block/variants/stack_of_books_1","y":90},{"model":"block/variants/stack_of_books_1","y":180},{"model":"block/variants/stack_of_books_1","y":270},{"model":"block/variants/stack_of_books_2"},{"model":"block/variants/stack_of_books_2","y":90},{"model":"block/variants/stack_of_books_2","y":180},{"model":"block/variants/stack_of_books_2","y":270}],"power=9":[{"model":"block/variants/stack_of_books_0"},{"model":"block/variants/stack_of_books_0","y":90},{"model":"block/variants/stack_of_books_0","y":180},{"model":"block/variants/stack_of_books_0","y":270},{"model":"block/variants/stack_of_books_1"},{"model":"block/variants/stack_of_books_1","y":90},{"model":"block/variants/stack_of_books_1","y":180},{"model":"block/variants/stack_of_books_1","y":270},{"model":"block/variants/stack_of_books_2"},{"model":"block/variants/stack_of_books_2","y":90},{"model":"block/variants/stack_of_books_2","y":180},{"model":"block/variants/stack_of_books_2","y":270}],"power=10":[{"model":"block/variants/stack_of_books_0"},{"model":"block/variants/stack_of_books_0","y":90},{"model":"block/variants/stack_of_books_0","y":180},{"model":"block/variants/stack_of_books_0","y":270},{"model":"block/variants/stack_of_books_1"},{"model":"block/variants/stack_of_books_1","y":90},{"model":"block/variants/stack_of_books_1","y":180},{"model":"block/variants/stack_of_books_1","y":270},{"model":"block/variants/stack_of_books_2"},{"model":"block/variants/stack_of_books_2","y":90},{"model":"block/variants/stack_of_books_2","y":180},{"model":"block/variants/stack_of_books_2","y":270}],"power=11":[{"model":"block/variants/stack_of_books_0"},{"model":"block/variants/stack_of_books_0","y":90},{"model":"block/variants/stack_of_books_0","y":180},{"model":"block/variants/stack_of_books_0","y":270},{"model":"block/variants/stack_of_books_1"},{"model":"block/variants/stack_of_books_1","y":90},{"model":"block/variants/stack_of_books_1","y":180},{"model":"block/variants/stack_of_books_1","y":270},{"model":"block/variants/stack_of_books_2"},{"model":"block/variants/stack_of_books_2","y":90},{"model":"block/variants/stack_of_books_2","y":180},{"model":"block/variants/stack_of_books_2","y":270}],"power=12":[{"model":"block/variants/stack_of_books_0"},{"model":"block/variants/stack_of_books_0","y":90},{"model":"block/variants/stack_of_books_0","y":180},{"model":"block/variants/stack_of_books_0","y":270},{"model":"block/variants/stack_of_books_1"},{"model":"block/variants/stack_of_books_1","y":90},{"model":"block/variants/stack_of_books_1","y":180},{"model":"block/variants/stack_of_books_1","y":270},{"model":"block/variants/stack_of_books_2"},{"model":"block/variants/stack_of_books_2","y":90},{"model":"block/variants/stack_of_books_2","y":180},{"model":"block/variants/stack_of_books_2","y":270}],"power=13":[{"model":"block/variants/stack_of_books_0"},{"model":"block/variants/stack_of_books_0","y":90},{"model":"block/variants/stack_of_books_0","y":180},{"model":"block/variants/stack_of_books_0","y":270},{"model":"block/variants/stack_of_books_1"},{"model":"block/variants/stack_of_books_1","y":90},{"model":"block/variants/stack_of_books_1","y":180},{"model":"block/variants/stack_of_books_1","y":270},{"model":"block/variants/stack_of_books_2"},{"model":"block/variants/stack_of_books_2","y":90},{"model":"block/variants/stack_of_books_2","y":180},{"model":"block/variants/stack_of_books_2","y":270}],"power=14":[{"model":"block/variants/stack_of_books_0"},{"model":"block/variants/stack_of_books_0","y":90},{"model":"block/variants/stack_of_books_0","y":180},{"model":"block/variants/stack_of_books_0","y":270},{"model":"block/variants/stack_of_books_1"},{"model":"block/variants/stack_of_books_1","y":90},{"model":"block/variants/stack_of_books_1","y":180},{"model":"block/variants/stack_of_books_1","y":270},{"model":"block/variants/stack_of_books_2"},{"model":"block/variants/stack_of_books_2","y":90},{"model":"block/variants/stack_of_books_2","y":180},{"model":"block/variants/stack_of_books_2","y":270}],"power=15":[{"model":"block/variants/stack_of_books_0"},{"model":"block/variants/stack_of_books_0","y":90},{"model":"block/variants/stack_of_books_0","y":180},{"model":"block/variants/stack_of_books_0","y":270},{"model":"block/variants/stack_of_books_1"},{"model":"block/variants/stack_of_books_1","y":90},{"model":"block/variants/stack_of_books_1","y":180},{"model":"block/variants/stack_of_books_1","y":270},{"model":"block/variants/stack_of_books_2"},{"model":"block/variants/stack_of_books_2","y":90},{"model":"block/variants/stack_of_books_2","y":180},{"model":"block/variants/stack_of_books_2","y":270}]}}