{"multipart":[{"when":{"east":false,"north":false,"south":false,"up":false,"west":false},"apply":[{"model":"block/variants/vine_cattails"},{"model":"block/variants/vine_cattails_0"},{"model":"block/variants/vine_cattails_1"}]},{"when":{"east":false,"north":false,"south":false,"up":true,"west":false},"apply":{"model":"block/vine","x":270}},{"when":{"east":false,"north":true,"south":false,"up":false,"west":false},"apply":{"model":"block/vine"}},{"when":{"east":true,"north":false,"south":false,"up":false,"west":false},"apply":{"model":"block/vine","y":90}},{"when":{"east":false,"north":false,"south":true,"up":false,"west":false},"apply":{"model":"block/vine","y":180}},{"when":{"east":false,"north":false,"south":false,"up":false,"west":true},"apply":{"model":"block/vine","y":270}},{"when":{"east":true,"north":true,"south":true,"up":true,"west":true},"apply":{"model":"block/variants/vine_hanging_crops"}},{"when":{"east":false,"north":false,"south":false,"up":true,"west":true},"apply":{"model":"block/vine","y":270}},{"when":{"east":false,"north":false,"south":true,"up":false,"west":true},"apply":{"model":"block/blank"}},{"when":{"east":false,"north":false,"south":true,"up":true,"west":false},"apply":{"model":"block/vine","y":180}},{"when":{"east":false,"north":false,"south":true,"up":true,"west":true},"apply":{"model":"block/blank"}},{"when":{"east":false,"north":true,"south":false,"up":false,"west":true},"apply":{"model":"block/blank"}},{"when":{"east":false,"north":true,"south":false,"up":true,"west":false},"apply":{"model":"block/vine"}},{"when":{"east":false,"north":true,"south":false,"up":true,"west":true},"apply":{"model":"block/blank"}},{"when":{"east":true,"north":false,"south":false,"up":true,"west":false},"apply":{"model":"block/vine","y":90}},{"when":{"east":true,"north":false,"south":true,"up":false,"west":false},"apply":{"model":"block/blank"}},{"when":{"east":true,"north":false,"south":true,"up":true,"west":false},"apply":{"model":"block/blank"}},{"when":{"east":true,"north":true,"south":false,"up":false,"west":false},"apply":{"model":"block/blank"}},{"when":{"east":true,"north":true,"south":false,"up":true,"west":false},"apply":{"model":"block/blank"}},{"when":{"east":false,"north":true,"south":true,"up":false,"west":false},"apply":{"model":"block/variants/vine_chain"}},{"when":{"east":false,"north":true,"south":true,"up":false,"west":true},"apply":{"model":"block/blank"}},{"when":{"east":false,"north":true,"south":true,"up":true,"west":false},"apply":{"model":"block/variants/vine_chain"}},{"when":{"east":false,"north":true,"south":true,"up":true,"west":true},"apply":{"model":"block/blank"}},{"when":{"east":true,"north":false,"south":false,"up":false,"west":true},"apply":{"model":"block/variants/vine_rope"}},{"when":{"east":true,"north":false,"south":false,"up":true,"west":true},"apply":{"model":"block/variants/vine_rope"}},{"when":{"east":true,"north":false,"south":true,"up":false,"west":true},"apply":{"model":"block/blank"}},{"when":{"east":true,"north":false,"south":true,"up":true,"west":true},"apply":{"model":"block/blank"}},{"when":{"east":true,"north":true,"south":false,"up":false,"west":true},"apply":{"model":"block/variants/vine_gray_leaves"}},{"when":{"east":true,"north":true,"south":false,"up":true,"west":true},"apply":{"model":"block/variants/vine_gray_leaves"}},{"when":{"east":true,"north":true,"south":true,"up":false,"west":false},"apply":{"model":"block/variants/vine_gray_water"}},{"when":{"east":true,"north":true,"south":true,"up":false,"west":true},"apply":[{"model":"block/variants/vine_death_plant_0","weight":5},{"model":"block/variants/vine_death_plant_1","weight":5},{"model":"block/variants/vine_death_plant_2","weight":5},{"model":"block/variants/vine_death_plant_3","weight":5},{"model":"block/variants/vine_death_plant_4","weight":5},{"model":"block/variants/vine_death_plant_5","weight":2},{"model":"block/variants/vine_death_plant_6","weight":2},{"model":"block/variants/vine_death_plant_7","weight":2},{"model":"block/variants/vine_death_plant_8","weight":2},{"model":"block/variants/vine_death_plant_9","weight":2}]},{"when":{"east":true,"north":true,"south":true,"up":true,"west":false},"apply":{"model":"block/variants/vine_gray_water"}}]}