{"parent":"item/generated","textures":{"layer0":"#texture"},"gui_light":"front","display":{"gui":{"rotation":[0,0,0],"translation":[0,0,0],"scale":[3.375,3.375,3.375]},"ground":{"rotation":[0,0,0],"translation":[0,0,0],"scale":[0,0,0]},"firstperson_righthand":{"rotation":[0,0,0],"translation":[0,0,0],"scale":[0,0,0]},"firstperson_lefthand":{"rotation":[0,0,0],"translation":[0,0,0],"scale":[0,0,0]},"thirdperson_righthand":{"rotation":[0,0,0],"translation":[0,0,0],"scale":[0,0,0]},"thirdperson_lefthand":{"rotation":[0,0,0],"translation":[0,0,0],"scale":[0,0,0]},"fixed":{"rotation":[0,0,0],"translation":[0,0,-1],"scale":[2,2,2.05]}}}