{"parent":"block/block","ambientocclusion":false,"textures":{"0":"wynn/books","2":"block_variants/oak_planks_flat","particle":"block/oak_planks"},"elements":[{"from":[6,1,1],"to":[9,11,7],"rotation":{"angle":0,"axis":"z","origin":[7.5,6,4]},"faces":{"north":{"uv":[0,8.5,5,10],"rotation":90,"texture":"#0"},"east":{"uv":[0,5.5,5,8.5],"rotation":270,"texture":"#0"},"south":{"uv":[0,4,5,5.5],"rotation":270,"texture":"#0"},"west":{"uv":[0,5.5,5,8.5],"rotation":90,"texture":"#0"},"up":{"uv":[3,1,0,2.5],"rotation":270,"texture":"#0"},"down":{"uv":[0,1,3,2.5],"rotation":270,"texture":"#0"}}},{"from":[9,1,0],"to":[12,11,6],"rotation":{"angle":0,"axis":"z","origin":[7,3,5]},"faces":{"north":{"uv":[5,14.5,10,16],"rotation":90,"texture":"#0"},"east":{"uv":[5,11.5,10,14.5],"rotation":270,"texture":"#0"},"south":{"uv":[5,10,10,11.5],"rotation":270,"texture":"#0"},"west":{"uv":[5,11.5,10,14.5],"rotation":90,"texture":"#0"},"up":{"uv":[6,2.5,3,4],"rotation":270,"texture":"#0"},"down":{"uv":[3,2.5,6,4],"rotation":270,"texture":"#0"}}},{"from":[12,1,0],"to":[15,11,6],"rotation":{"angle":0,"axis":"z","origin":[13.5,6,3]},"faces":{"north":{"uv":[0,14.5,5,16],"rotation":90,"texture":"#0"},"east":{"uv":[0,11.5,5,14.5],"rotation":270,"texture":"#0"},"south":{"uv":[0,10,5,11.5],"rotation":270,"texture":"#0"},"west":{"uv":[0,11.5,5,14.5],"rotation":90,"texture":"#0"},"up":{"uv":[3,2.5,0,4],"rotation":270,"texture":"#0"},"down":{"uv":[0,2.5,3,4],"rotation":270,"texture":"#0"}}},{"from":[0,1,0],"to":[3,11,6],"rotation":{"angle":0,"axis":"y","origin":[3,6,3]},"faces":{"north":{"uv":[10,8.5,15,10],"rotation":90,"texture":"#0"},"east":{"uv":[10,5.5,15,8.5],"rotation":270,"texture":"#0"},"south":{"uv":[10,4,15,5.5],"rotation":270,"texture":"#0"},"west":{"uv":[10,5.5,15,8.5],"rotation":90,"texture":"#0"},"up":{"uv":[9,1,6,2.5],"rotation":270,"texture":"#0"},"down":{"uv":[6,1,9,2.5],"rotation":270,"texture":"#0"}}},{"from":[3,1,1],"to":[6,11,7],"rotation":{"angle":0,"axis":"y","origin":[3,6,4]},"faces":{"north":{"uv":[0,14.5,5,16],"rotation":90,"texture":"#0"},"east":{"uv":[0,11.5,5,14.5],"rotation":270,"texture":"#0"},"south":{"uv":[0,10,5,11.5],"rotation":270,"texture":"#0"},"west":{"uv":[0,11.5,5,14.5],"rotation":90,"texture":"#0"},"up":{"uv":[3,2.5,0,4],"rotation":270,"texture":"#0"},"down":{"uv":[0,2.5,3,4],"rotation":270,"texture":"#0"}}},{"from":[12.5,1,9],"to":[15.5,11,15],"rotation":{"angle":22.5,"axis":"z","origin":[13,1,15]},"faces":{"north":{"uv":[10,10,15,11.5],"rotation":270,"texture":"#0"},"east":{"uv":[10,1,15,4],"rotation":90,"texture":"#0"},"south":{"uv":[10,14.5,15,16],"rotation":90,"texture":"#0"},"west":{"uv":[10,11.5,15,14.5],"rotation":90,"texture":"#0"},"up":{"uv":[9,2.5,6,4],"rotation":90,"texture":"#0"},"down":{"uv":[6,2.5,9,4],"rotation":90,"texture":"#0"}}},{"from":[0,4,9],"to":[10,7,15],"rotation":{"angle":0,"axis":"z","origin":[5,5.5,12]},"faces":{"north":{"uv":[5,10,10,11.5],"texture":"#0"},"east":{"uv":[3,2.5,6,4],"texture":"#0"},"south":{"uv":[5,14.5,10,16],"texture":"#0"},"west":{"uv":[6,2.5,3,4],"texture":"#0"},"up":{"uv":[5,11.5,10,14.5],"texture":"#0"},"down":{"uv":[5,11.5,10,14.5],"rotation":180,"texture":"#0"}}},{"from":[0,1,10],"to":[10,4,16],"rotation":{"angle":0,"axis":"y","origin":[2.5,9,8.5]},"faces":{"north":{"uv":[0,4,5,5.5],"texture":"#0"},"east":{"uv":[0,1,3,2.5],"texture":"#0"},"south":{"uv":[0,8.5,5,10],"texture":"#0"},"west":{"uv":[3,1,0,2.5],"texture":"#0"},"up":{"uv":[0,5.5,5,8.5],"texture":"#0"},"down":{"uv":[0,5.5,5,8.5],"texture":"#0"}}},{"from":[0,0,0],"to":[16,1,16],"faces":{"north":{"uv":[0,15,16,16],"texture":"#particle"},"east":{"uv":[0,15,16,16],"texture":"#particle"},"south":{"uv":[0,15,16,16],"texture":"#particle"},"west":{"uv":[0,15,16,16],"texture":"#particle"},"up":{"uv":[0,0,16,16],"texture":"#2"},"down":{"uv":[0,0,16,16],"texture":"#particle"}}}],"display":{"thirdperson_righthand":{"rotation":[75,45,0],"translation":[0,2.5,0],"scale":[0.375,0.375,0.375]},"thirdperson_lefthand":{"rotation":[75,45,0],"translation":[0,2.5,0],"scale":[0.375,0.375,0.375]},"firstperson_righthand":{"rotation":[0,45,0],"scale":[0.4,0.4,0.4]},"firstperson_lefthand":{"rotation":[0,225,0],"scale":[0.4,0.4,0.4]},"ground":{"translation":[0,3,0],"scale":[0.25,0.25,0.25]},"gui":{"rotation":[30,225,0],"scale":[0.625,0.625,0.625]},"head":{"translation":[0,14,0],"scale":[0.9,0.9,0.9]},"fixed":{"scale":[0.5,0.5,0.5]}}}