{"ambientocclusion":false,"textures":{"particle":"wynn/flora/particle_2","cross":"wynn/flora/chain"},"elements":[{"from":[5.05,0,8],"to":[11.05,16,8],"shade":false,"rotation":{"angle":45,"axis":"y","origin":[8,8,8],"rescale":true},"faces":{"north":{"uv":[0,0,8,16],"texture":"#cross"},"south":{"uv":[0,0,8,16],"texture":"#cross"}}},{"from":[8,0,5],"to":[8,16,11],"shade":false,"rotation":{"angle":45,"axis":"y","origin":[8,8,8],"rescale":true},"faces":{"east":{"uv":[8,0,16,16],"texture":"#cross"},"west":{"uv":[8,0,16,16],"texture":"#cross"}}}]}