{"ambientocclusion":false,"textures":{"particle":"wynn/flora/particle_1","crop":"wynn/flora/crops_green"},"elements":[{"from":[4,-1,0],"to":[4,15,16],"shade":false,"faces":{"west":{"uv":[8,8,16,16],"texture":"#crop"},"east":{"uv":[8,8,16,16],"texture":"#crop"}}},{"from":[12,-1,0],"to":[12,15,16],"shade":false,"faces":{"west":{"uv":[8,8,16,16],"texture":"#crop"},"east":{"uv":[8,8,16,16],"texture":"#crop"}}},{"from":[0,-1,4],"to":[16,15,4],"shade":false,"faces":{"north":{"uv":[8,8,16,16],"texture":"#crop"},"south":{"uv":[8,8,16,16],"texture":"#crop"}}},{"from":[0,-1,12],"to":[16,15,12],"shade":false,"faces":{"north":{"uv":[8,8,16,16],"texture":"#crop"},"south":{"uv":[8,8,16,16],"texture":"#crop"}}},{"from":[4,15,0],"to":[4,31,16],"shade":false,"faces":{"west":{"uv":[8,0,16,8],"texture":"#crop"},"east":{"uv":[8,0,16,8],"texture":"#crop"}}},{"from":[12,15,0],"to":[12,31,16],"shade":false,"faces":{"west":{"uv":[8,0,16,8],"texture":"#crop"},"east":{"uv":[8,0,16,8],"texture":"#crop"}}},{"from":[0,15,4],"to":[16,31,4],"shade":false,"faces":{"north":{"uv":[8,0,16,8],"texture":"#crop"},"south":{"uv":[8,0,16,8],"texture":"#crop"}}},{"from":[0,15,12],"to":[16,31,12],"shade":false,"faces":{"north":{"uv":[8,0,16,8],"texture":"#crop"},"south":{"uv":[8,0,16,8],"texture":"#crop"}}}]}