{"parent":"item/handheld","textures":{"layer0":"item/diamond_sword"},"overrides":[{"predicate":{"damage":0.000640614990391},"model":"item/wynn/spell/meteor_0"},{"predicate":{"damage":0.001281229980782},"model":"item/wynn/spell/meteor_1"},{"predicate":{"damage":0.001921844971172},"model":"item/wynn/spell/ice_snake_0"},{"predicate":{"damage":0.002562459961563},"model":"item/wynn/spell/ice_snake_1"},{"predicate":{"damage":0.003203074951954},"model":"item/wynn/spell/trap_0"},{"predicate":{"damage":0.003843689942345},"model":"item/wynn/spell/trap_1"},{"predicate":{"damage":0.004484304932735},"model":"item/wynn/spell/angel_0"},{"predicate":{"damage":0.005124919923126},"model":"item/wynn/spell/angel_1"},{"predicate":{"damage":0.005765534913517},"model":"item/wynn/spell/mask_coward"},{"predicate":{"damage":0.006406149903908},"model":"item/wynn/spell/mask_lunatic"},{"predicate":{"damage":0.007046764894299},"model":"item/wynn/spell/mask_fanatic"},{"predicate":{"damage":0.007687379884689},"model":"item/wynn/burning_flame"},{"predicate":{"damage":0.00832799487508},"model":"item/wynn/housing/misc_bucket"},{"predicate":{"damage":0.008968609865471},"model":"item/wynn/housing/message_board"},{"predicate":{"damage":0.009609224855862},"model":"item/wynn/housing/teleport_pad"},{"predicate":{"damage":0.010249839846252},"model":"item/wynn/housing/jukebox"},{"predicate":{"damage":0.010890454836643},"model":"item/wynn/housing/bench"},{"predicate":{"damage":0.011531069827034},"model":"item/wynn/housing/boulder"},{"predicate":{"damage":0.012171684817425},"model":"item/wynn/housing/chair"},{"predicate":{"damage":0.012812299807816},"model":"item/wynn/housing/curtains_bamboo"},{"predicate":{"damage":0.013452914798206},"model":"item/wynn/housing/curtains_open_bamboo"},{"predicate":{"damage":0.014093529788597},"model":"item/wynn/housing/curtains_velvet"},{"predicate":{"damage":0.014734144778988},"model":"item/wynn/housing/curtains_open_velvet"},{"predicate":{"damage":0.015374759769379},"model":"item/wynn/housing/curtains_regal"},{"predicate":{"damage":0.016015374759769},"model":"item/wynn/housing/curtains_open_regal"},{"predicate":{"damage":0.01665598975016},"model":"item/wynn/housing/curtains_white"},{"predicate":{"damage":0.017296604740551},"model":"item/wynn/housing/curtains_open_white"},{"predicate":{"damage":0.017937219730942},"model":"item/wynn/housing/statue_frog"},{"predicate":{"damage":0.018577834721332},"model":"item/wynn/housing/log"},{"predicate":{"damage":0.019218449711723},"model":"item/wynn/housing/shades"},{"predicate":{"damage":0.019859064702114},"model":"item/wynn/housing/shades_open"},{"predicate":{"damage":0.020499679692505},"model":"item/wynn/housing/stool"},{"predicate":{"damage":0.021140294682896},"model":"item/wynn/housing/throne_quartz"},{"predicate":{"damage":0.021780909673286},"model":"item/wynn/housing/throne_regal"},{"predicate":{"damage":0.022421524663677},"model":"item/wynn/housing/gear"},{"predicate":{"damage":0.023062139654068},"model":"item/wynn/housing/table_small"},{"predicate":{"damage":0.023702754644459},"model":"item/wynn/housing/table_normal"},{"predicate":{"damage":0.024343369634849},"model":"item/wynn/housing/table_quartz"},{"predicate":{"damage":0.02498398462524},"model":"item/wynn/housing/table_regal"},{"predicate":{"damage":0.025624599615631},"model":"item/wynn/housing/table_boulder"},{"predicate":{"damage":0.026265214606022},"model":"item/wynn/message_bottle"},{"predicate":{"damage":0.026905829596413},"model":"item/wynn/locked_chest"},{"predicate":{"damage":0.027546444586803},"model":"item/wynn/beam"},{"predicate":{"damage":0.028187059577194},"model":"item/wynn/housing/bookshelf"},{"predicate":{"damage":0.028827674567585},"model":"item/wynn/housing/statue_eldritch"},{"predicate":{"damage":0.029468289557976},"model":"item/wynn/housing/statue_hero"},{"predicate":{"damage":0.030108904548366},"model":"item/wynn/housing/statue_light"},{"predicate":{"damage":0.030749519538757},"model":"item/barrier"}]}