{"parent":"item/handheld","textures":{"layer0":"item/diamond_pickaxe"},"overrides":[{"predicate":{"damage":0.0006406149903907751},"model":"item/wynn/skins/dagger/banana_dagger"},{"predicate":{"damage":0.0012812299807815504},"model":"item/wynn/skins/spear/steampunk_spear"},{"predicate":{"damage":0.0019218449711723255},"model":"item/wynn/skins/wand/steampunk_wand"},{"predicate":{"damage":0.002562459961563101},"model":"item/wynn/skins/dagger/scifi_dagger"},{"predicate":{"damage":0.0032030749519538757},"model":"item/wynn/skins/spear/scifi_spear"},{"predicate":{"damage":0.003843689942344651},"model":"item/wynn/skins/wand/scifi_wand"},{"predicate":{"damage":0.004484304932735426},"model":"item/wynn/skins/dagger/steampunk_dagger"},{"predicate":{"damage":0.005124919923126201},"model":"item/wynn/skins/bow/steampunk_bow"},{"predicate":{"damage":0.005765534913516976},"model":"item/wynn/skins/bow/scifi_bow"},{"predicate":{"damage":0.006406149903907751},"model":"item/barrier"},{"predicate":{"damage":0.00704676489429852},"model":"item/wynn/skins/spear/spear_corrupted"},{"predicate":{"damage":0.00768737988468931},"model":"item/wynn/skins/wand/wand_corrupted"},{"predicate":{"damage":0.008327994875080071},"model":"item/wynn/skins/dagger/dagger_corrupted"},{"predicate":{"damage":0.00896860986547085},"model":"item/wynn/skins/bow/bow_corrupted"},{"predicate":{"damage":0.00960922485},"model":"item/wynn/skins/bow/bow_frost"},{"predicate":{"damage":0.01024983984},"model":"item/wynn/skins/spear/spear_frost"},{"predicate":{"damage":0.01089045483},"model":"item/wynn/skins/wand/wand_frost"},{"predicate":{"damage":0.01153106982},"model":"item/wynn/skins/dagger/dagger_frost"},{"predicate":{"damage":0.0121638924},"model":"item/wynn/skins/hat/straw_cone"},{"predicate":{"damage":0.0128040973},"model":"item/wynn/skins/hat/bounty_hunter"},{"predicate":{"damage":0.0134443022},"model":"item/wynn/skins/hat/horns"},{"predicate":{"damage":0.014084507},"model":"item/wynn/skins/hat/flower_crown"},{"predicate":{"damage":0.0147247119},"model":"item/wynn/skins/hat/dark_knight"},{"predicate":{"damage":0.0153649168},"model":"item/wynn/skins/hat/yahya_hat"},{"predicate":{"damage":0.01600512166},"model":"item/wynn/skins/hat/link_hat"},{"predicate":{"damage":0.016645326504481},"model":"item/wynn/skins/hat/wings"},{"predicate":{"damage":0.017285531370038},"model":"item/wynn/boss/orphion_head"},{"predicate":{"damage":0.017925736235595},"model":"item/wynn/boss/orphion_jaw"},{"predicate":{"damage":0.018565941101152},"model":"item/wynn/boss/orphion_body"},{"predicate":{"damage":0.019206145966709},"model":"item/wynn/boss/orphion_leg"},{"predicate":{"damage":0.019846350832266},"model":"item/wynn/boss/orphion_thigh"},{"predicate":{"damage":0.020486555697823},"model":"item/wynn/boss/orphion_tail"},{"predicate":{"damage":0.02112676056338},"model":"item/wynn/boss/vanta_orphion_head"},{"predicate":{"damage":0.021766965428937},"model":"item/wynn/boss/vanta_orphion_body"},{"predicate":{"damage":0.0224075804193277},"model":"item/wynn/boss/vanta_orphion_leg"},{"predicate":{"damage":0.0230481954097184},"model":"item/wynn/boss/vanta_orphion_thigh"},{"predicate":{"damage":0.0236888104001091},"model":"item/wynn/boss/vanta_orphion_tail"},{"predicate":{"damage":0.0243294253904998},"model":"item/wynn/skins/hat/bunny_ears"},{"predicate":{"damage":0.0249700403808905},"model":"item/wynn/skins/hat/corkian_goggles"},{"predicate":{"damage":0.025624599615631},"model":"item/wynn/skins/hat/decay_hat"},{"predicate":{"damage":0.026265214606022},"model":"item/wynn/skins/hat/magehat"},{"predicate":{"damage":0.026905829596413},"model":"item/wynn/skins/hat/warriorhat"},{"predicate":{"damage":0.027546444586803},"model":"item/wynn/skins/hat/shamanhat"},{"predicate":{"damage":0.028187059577194},"model":"item/wynn/skins/hat/archerhat"},{"predicate":{"damage":0.028827674567585},"model":"item/wynn/skins/hat/assassinhat"},{"predicate":{"damage":0.029468289557976},"model":"item/wynn/skins/hat/fancy_crown"},{"predicate":{"damage":0.030108904548366},"model":"item/wynn/skins/hat/fox_ears"},{"predicate":{"damage":0.030749519538757},"model":"item/wynn/skins/hat/jester_hat"},{"predicate":{"damage":0.031390134529148},"model":"item/wynn/skins/hat/mythichat"},{"predicate":{"damage":0.032030749519539},"model":"item/wynn/skins/hat/black_cat_ears"},{"predicate":{"damage":0.03267136450993},"model":"item/wynn/skins/hat/devilhorns"},{"predicate":{"damage":0.03331197950032},"model":"item/wynn/skins/hat/goathorns"},{"predicate":{"damage":0.033952594490711},"model":"item/wynn/skins/hat/pirate_hat"},{"predicate":{"damage":0.034593209481102},"model":"item/wynn/skins/hat/plague_doctor"},{"predicate":{"damage":0.035233824471493},"model":"item/wynn/skins/hat/skull_tophat"},{"predicate":{"damage":0.035874439461883},"model":"item/wynn/skins/hat/spectral_mask"},{"predicate":{"damage":0.036515054452274},"model":"item/wynn/skins/hat/harvest_circlet"},{"predicate":{"damage":0.037155669442665},"model":"item/wynn/skins/hat/dynasty_hat"},{"predicate":{"damage":0.037796284433056},"model":"item/wynn/skins/hat/jagged_crown"},{"predicate":{"damage":0.038436899423447},"model":"item/wynn/skins/hat/avo_headdress"},{"predicate":{"damage":0.039077514413837},"model":"item/wynn/skins/hat/boreal_crown"},{"predicate":{"damage":0.03971812940422},"model":"item/wynn/skins/hat/detective_fedora"},{"predicate":{"damage":0.040358744394619},"model":"item/wynn/skins/hat/ginger_beard"},{"predicate":{"damage":0.04099935938501},"model":"item/wynn/skins/hat/holiday_lights"},{"predicate":{"damage":0.0416399743754},"model":"item/wynn/skins/hat/reindeer_horns"},{"predicate":{"damage":0.042280589365791},"model":"item/wynn/skins/hat/santa_hat"},{"predicate":{"damage":0.042921204356182},"model":"item/wynn/skins/hat/scifi_earpiece"},{"predicate":{"damage":0.043561819346573},"model":"item/wynn/skins/hat/snow_fox_ears"},{"predicate":{"damage":0.044202434336963},"model":"item/wynn/skins/hat/viking_helmet"},{"predicate":{"damage":0.044843049327354},"model":"item/wynn/skins/hat/winter_hat"},{"predicate":{"damage":0.045483664317745},"model":"item/wynn/skins/hat/winter_scarf"},{"predicate":{"damage":0.046124279308136},"model":"item/wynn/skins/hat/chefs_hat"},{"predicate":{"damage":0.046764894298527},"model":"item/wynn/skins/hat/diamond_helmet"},{"predicate":{"damage":0.047405509288917},"model":"item/wynn/skins/hat/eye_cultist_hood"},{"predicate":{"damage":0.048046124279308},"model":"item/wynn/skins/hat/fruit_basket"},{"predicate":{"damage":0.048686739269699},"model":"item/wynn/skins/hat/gold_helmet"},{"predicate":{"damage":0.04932735426009},"model":"item/wynn/skins/hat/half_moon_hood"},{"predicate":{"damage":0.04996796925048},"model":"item/wynn/skins/hat/propeller_hat"},{"predicate":{"damage":0.050608584240871},"model":"item/wynn/skins/hat/seraphim_tiara"},{"predicate":{"damage":0.051249199231262},"model":"item/wynn/skins/hat/sombrero"},{"predicate":{"damage":0.051889814221653},"model":"item/wynn/skins/hat/stout_shako"},{"predicate":{"damage":0.052530429212044},"model":"item/wynn/skins/hat/wybel_beanie"},{"predicate":{"damage":0.053171044202434},"model":"item/wynn/skins/hat/bonfire_crown"},{"predicate":{"damage":0.053811659192825},"model":"item/wynn/skins/hat/leaf_crest"},{"predicate":{"damage":0.054452274183216},"model":"item/wynn/skins/hat/straw_hat"},{"predicate":{"damage":0.055092889173607},"model":"item/wynn/skins/hat/sun_hat"},{"predicate":{"damage":0.055733504163997},"model":"item/wynn/skins/hat/bucket_hat"},{"predicate":{"damage":0.056374119154388},"model":"item/wynn/skins/hat/bandana"},{"predicate":{"damage":0.057014734144779},"model":"item/wynn/skins/hat/beret"},{"predicate":{"damage":0.05765534913517},"model":"item/wynn/skins/hat/bonfire_headdress"},{"predicate":{"damage":0.058295964125561},"model":"item/wynn/skins/hat/crown_of_chains"},{"predicate":{"damage":0.058936579115951},"model":"item/wynn/skins/hat/elf_hat"},{"predicate":{"damage":0.059577194106342},"model":"item/wynn/skins/hat/raccoon_cap"},{"predicate":{"damage":0.060217809096733},"model":"item/wynn/skins/hat/tree_hat"},{"predicate":{"damage":0.060858424087124},"model":"item/wynn/skins/hat/snow_cloud_hat"},{"predicate":{"damage":0.061499039077514},"model":"item/wynn/skins/hat/frostbound_halo"},{"predicate":{"damage":0.062139654067905},"model":"item/wynn/skins/hat/dapper_topper"},{"predicate":{"damage":0.062780269058296},"model":"item/wynn/skins/hat/fur_hood"},{"predicate":{"damage":0.063420884048687},"model":"item/wynn/skins/hat/stars_hat"},{"predicate":{"damage":0.064061499039078},"model":"item/wynn/skins/hat/thankful_capotain"},{"predicate":{"damage":0.064702114029468},"model":"item/wynn/skins/hat/winter_moon_hat"},{"predicate":{"damage":0.065342729019859},"model":"item/wynn/skins/hat/big_catch"},{"predicate":{"damage":0.06598334401025},"model":"item/wynn/skins/hat/bookworm"},{"predicate":{"damage":0.066623959000641},"model":"item/wynn/skins/hat/chef_poultry"},{"predicate":{"damage":0.067264573991031},"model":"item/wynn/skins/hat/lumberjack_stump"},{"predicate":{"damage":0.067905188981422},"model":"item/wynn/skins/hat/brewing_cauldron"},{"predicate":{"damage":0.068545803971813},"model":"item/wynn/skins/hat/yarn_head"},{"predicate":{"damage":0.069186418962204},"model":"item/wynn/skins/hat/cowboy_hat"},{"predicate":{"damage":0.069827033952594},"model":"item/wynn/skins/hat/champion_fullhelm"},{"predicate":{"damage":0.070467648942985},"model":"item/wynn/skins/hat/masquerade_mask"},{"predicate":{"damage":0.071108263933376},"model":"item/wynn/skins/hat/decorated_bicorn"},{"predicate":{"damage":0.071748878923767},"model":"item/wynn/skins/hat/spring_hat"},{"predicate":{"damage":0.072389493914158},"model":"item/wynn/skins/hat/towering_hat"},{"predicate":{"damage":0.073030108904548},"model":"item/barrier"}]}