{"parent":"item/handheld","textures":{"layer0":"item/diamond_hoe"},"overrides":[{"predicate":{"damage":0.000640614990391},"model":"item/wynn/jigsaw/yeti/yeti_arm"},{"predicate":{"damage":0.001281229980782},"model":"item/wynn/jigsaw/yeti/yeti_torso"},{"predicate":{"damage":0.001921844971172},"model":"item/wynn/jigsaw/yeti/yeti_foot"},{"predicate":{"damage":0.002562459961563},"model":"item/wynn/jigsaw/wynnter_owl/wynnter_owl_head"},{"predicate":{"damage":0.003203074951954},"model":"item/wynn/jigsaw/wynnter_owl/wynnter_owl_torso"},{"predicate":{"damage":0.003843689942345},"model":"item/wynn/jigsaw/wynnter_owl/wynnter_owl_wing"},{"predicate":{"damage":0.004484304932735},"model":"item/wynn/jigsaw/mighty_yak/mighty_yak_body"},{"predicate":{"damage":0.005124919923126},"model":"item/wynn/jigsaw/mighty_yak/mighty_yak_head"},{"predicate":{"damage":0.005765534913517},"model":"item/wynn/jigsaw/mighty_yak/mighty_yak_foot"},{"predicate":{"damage":0.006406149903908},"model":"item/wynn/jigsaw/mythic_mimic/mythic_mimic_chest"},{"predicate":{"damage":0.007046764894299},"model":"item/wynn/jigsaw/mythic_mimic/mythic_mimic_lid"},{"predicate":{"damage":0.007687379884689},"model":"item/wynn/jigsaw/mythic_mimic/mythic_mimic_hand_left"},{"predicate":{"damage":0.00832799487508},"model":"item/wynn/jigsaw/mythic_mimic/mythic_mimic_hand_right"},{"predicate":{"damage":0.008968609865471},"model":"item/wynn/jigsaw/wynnston/wynnston_torso"},{"predicate":{"damage":0.009609224855862},"model":"item/wynn/jigsaw/wynnston/wynnston_head"},{"predicate":{"damage":0.010249839846252},"model":"item/wynn/jigsaw/wynnston/wynnston_leg"},{"predicate":{"damage":0.010890454836643},"model":"item/wynn/jigsaw/crate/crate_heroes_lid"},{"predicate":{"damage":0.011531069827034},"model":"item/wynn/jigsaw/crate/crate_heroes_chest"},{"predicate":{"damage":0.012171684817425},"model":"item/wynn/jigsaw/crate/crate_bonfire_lid"},{"predicate":{"damage":0.012812299807816},"model":"item/wynn/jigsaw/crate/crate_bonfire_chest"},{"predicate":{"damage":0.014734144778988},"model":"item/wynn/jigsaw/crate/crate_blizzard_lid"},{"predicate":{"damage":0.015374759769379},"model":"item/wynn/jigsaw/crate/crate_blizzard_chest"},{"predicate":{"damage":0.016015374759769},"model":"item/wynn/jigsaw/anomaly/anomaly_head"},{"predicate":{"damage":0.01665598975016},"model":"item/wynn/jigsaw/anomaly/anomaly_body"},{"predicate":{"damage":0.017296604740551},"model":"item/wynn/jigsaw/anomaly/anomaly_arm"},{"predicate":{"damage":0.017937219730942},"model":"item/wynn/jigsaw/anomaly/anomaly_hand"},{"predicate":{"damage":0.018577834721332},"model":"item/wynn/jigsaw/redbeard/redbeard_body"},{"predicate":{"damage":0.019218449711723},"model":"item/wynn/jigsaw/redbeard/redbeard_arm"},{"predicate":{"damage":0.019859064702114},"model":"item/wynn/jigsaw/redbeard/redbeard_foot"},{"predicate":{"damage":0.020499679692505},"model":"item/wynn/jigsaw/redbeard/redbeard_peg"},{"predicate":{"damage":0.021140294682896},"model":"item/wynn/jigsaw/fetish/fetish_head"},{"predicate":{"damage":0.021780909673286},"model":"item/wynn/jigsaw/fetish/fetish_body"},{"predicate":{"damage":0.022421524663677},"model":"item/wynn/jigsaw/fetish/fetish_arm"},{"predicate":{"damage":0.023062139654068},"model":"item/wynn/jigsaw/fetish/fetish_knife"},{"predicate":{"damage":0.023702754644459},"model":"item/wynn/jigsaw/rat/rat"},{"predicate":{"damage":0.024343369634849},"model":"item/wynn/jigsaw/effigy/effigy_head"},{"predicate":{"damage":0.02498398462524},"model":"item/wynn/jigsaw/effigy/effigy_hand_left"},{"predicate":{"damage":0.025624599615631},"model":"item/wynn/jigsaw/effigy/effigy_hand_right"},{"predicate":{"damage":0.026265214606022},"model":"item/wynn/jigsaw/redbeard_c/redbeard_c_head"},{"predicate":{"damage":0.026905829596413},"model":"item/wynn/jigsaw/redbeard_c/redbeard_c_body"},{"predicate":{"damage":0.027546444586803},"model":"item/wynn/jigsaw/redbeard_c/redbeard_c_arm_left"},{"predicate":{"damage":0.028187059577194},"model":"item/wynn/jigsaw/redbeard_c/redbeard_c_arm_right"},{"predicate":{"damage":0.028827674567585},"model":"item/wynn/jigsaw/lich/lich_head"},{"predicate":{"damage":0.029468289557976},"model":"item/wynn/jigsaw/lich/lich_arm"},{"predicate":{"damage":0.030108904548366},"model":"item/wynn/jigsaw/lich/lich_body"},{"predicate":{"damage":0.030749519538757},"model":"item/wynn/jigsaw/lich/lich_cloak"},{"predicate":{"damage":0.031390134529148},"model":"item/wynn/jigsaw/lich_c/lich_c_head"},{"predicate":{"damage":0.032030749519539},"model":"item/wynn/jigsaw/lich_c/lich_c_arm"},{"predicate":{"damage":0.03267136450993},"model":"item/wynn/jigsaw/lich_c/lich_c_body"},{"predicate":{"damage":0.03331197950032},"model":"item/wynn/jigsaw/lich_c/lich_c_cloak"},{"predicate":{"damage":0.033952594490711},"model":"item/wynn/jigsaw/crab/crab_body"},{"predicate":{"damage":0.034593209481102},"model":"item/wynn/jigsaw/crab/crab_claw"},{"predicate":{"damage":0.035233824471493},"model":"item/wynn/jigsaw/crab/crab_leg"},{"predicate":{"damage":0.035874439461883},"model":"item/wynn/jigsaw/avostrider/avostrider_head"},{"predicate":{"damage":0.036515054452274},"model":"item/wynn/jigsaw/avostrider/avostrider_body"},{"predicate":{"damage":0.037155669442665},"model":"item/wynn/jigsaw/avostrider/avostrider_wing"},{"predicate":{"damage":0.037796284433056},"model":"item/wynn/jigsaw/avostrider/avostrider_leg"},{"predicate":{"damage":0.038436899423447},"model":"item/wynn/jigsaw/bonny/bonny_head"},{"predicate":{"damage":0.039077514413837},"model":"item/wynn/jigsaw/bonny/bonny_torso"},{"predicate":{"damage":0.039718129404228},"model":"item/wynn/jigsaw/bonny/bonny_arm"},{"predicate":{"damage":0.040358744394619},"model":"item/wynn/jigsaw/snow_fennec/snow_fennec_head"},{"predicate":{"damage":0.04099935938501},"model":"item/wynn/jigsaw/snow_fennec/snow_fennec_body"},{"predicate":{"damage":0.0416399743754},"model":"item/wynn/jigsaw/snow_fennec/snow_fennec_tail"},{"predicate":{"damage":0.042280589365791},"model":"item/wynn/jigsaw/snow_fennec/snow_fennec_leg"},{"predicate":{"damage":0.042921204356182},"model":"item/wynn/jigsaw/guide/guide_head"},{"predicate":{"damage":0.043561819346573},"model":"item/wynn/jigsaw/guide/guide_body"},{"predicate":{"damage":0.044202434336963},"model":"item/wynn/jigsaw/guide/guide_arm_book"},{"predicate":{"damage":0.044843049327354},"model":"item/wynn/jigsaw/guide/guide_arm"},{"predicate":{"damage":0.045483664317745},"model":"item/wynn/jigsaw/fragment/fragment_eye"},{"predicate":{"damage":0.046124279308136},"model":"item/wynn/jigsaw/fragment/fragment_debris"},{"predicate":{"damage":0.047405509288917},"model":"item/wynn/jigsaw/lootrun/reward_lid"},{"predicate":{"damage":0.048046124279308},"model":"item/wynn/jigsaw/lootrun/reward_chest"},{"predicate":{"damage":0.048686739269699},"model":"item/wynn/jigsaw/lootrun/treasure_lid"},{"predicate":{"damage":0.04932735426009},"model":"item/wynn/jigsaw/lootrun/treasure_chest"},{"predicate":{"damage":0.04996796925048},"model":"item/wynn/jigsaw/dragonling/shadowfel/shadowfel_head"},{"predicate":{"damage":0.050608584240871},"model":"item/wynn/jigsaw/dragonling/shadowfel/shadowfel_body"},{"predicate":{"damage":0.051249199231262},"model":"item/wynn/jigsaw/dragonling/shadowfel/shadowfel_wing"},{"predicate":{"damage":0.051889814221653},"model":"item/wynn/jigsaw/dragonling/shadowfel/shadowfel_leg"},{"predicate":{"damage":0.052530429212044},"model":"item/wynn/jigsaw/dragonling/shadowfel/shadowfel_tail"},{"predicate":{"damage":0.053171044202434},"model":"item/wynn/jigsaw/mamba/mamba_head"},{"predicate":{"damage":0.053811659192825},"model":"item/wynn/jigsaw/mamba/mamba_body"},{"predicate":{"damage":0.054452274183216},"model":"item/wynn/jigsaw/mamba/mamba_bush"},{"predicate":{"damage":0.055092889173607},"model":"item/wynn/jigsaw/crow/crow_body"},{"predicate":{"damage":0.055733504163997},"model":"item/wynn/jigsaw/crow/crow_wing_left"},{"predicate":{"damage":0.056374119154388},"model":"item/wynn/jigsaw/crow/crow_wing_right"},{"predicate":{"damage":0.057014734144779},"model":"item/barrier"}]}