{"parent":"item/handheld","textures":{"layer0":"item/diamond_shovel"},"overrides":[{"predicate":{"damage":0.00064020486},"model":"item/wynn/skins/dagger/chicken_leg_staff"},{"predicate":{"damage":0.00128040973},"model":"item/wynn/skins/spear/kebab_spear"},{"predicate":{"damage":0.0019206146},"model":"item/wynn/skins/wand/swordfish_wand"},{"predicate":{"damage":0.00256081946},"model":"item/wynn/skins/bow/banana_bow"},{"predicate":{"damage":0.00320102433},"model":"item/wynn/skins/dagger/flaming_sword"},{"predicate":{"damage":0.00384122919},"model":"item/wynn/skins/spear/flaming_hammer"},{"predicate":{"damage":0.00448143406},"model":"item/wynn/skins/wand/flaming_wand"},{"predicate":{"damage":0.00512163892},"model":"item/wynn/skins/bow/flaming_bow"},{"predicate":{"damage":0.00576184379},"model":"item/wynn/skins/wand/evil_wand"},{"predicate":{"damage":0.00640204866},"model":"item/wynn/skins/dagger/evil_dagger"},{"predicate":{"damage":0.00704225352},"model":"item/wynn/skins/spear/evil_spear"},{"predicate":{"damage":0.00768245839},"model":"item/wynn/skins/bow/evil_bow"},{"predicate":{"damage":0.00832266325},"model":"item/wynn/skins/dagger/holy_dagger"},{"predicate":{"damage":0.00896286812},"model":"item/wynn/skins/spear/holy_hammer"},{"predicate":{"damage":0.00960307298},"model":"item/wynn/skins/wand/holy_wand"},{"predicate":{"damage":0.0102432778},"model":"item/wynn/skins/bow/holy_bow"},{"predicate":{"damage":0.0108834827},"model":"item/wynn/skins/dagger/lotr_dagger"},{"predicate":{"damage":0.0115236876},"model":"item/wynn/skins/wand/lotr_staff"},{"predicate":{"damage":0.0121638924},"model":"item/wynn/skins/wand/lotr_wand"},{"predicate":{"damage":0.0128040973},"model":"item/wynn/skins/bow/lotr_bow"},{"predicate":{"damage":0.0134443022},"model":"item/wynn/skins/bow/money_bow"},{"predicate":{"damage":0.014084507},"model":"item/wynn/skins/wand/money_wand"},{"predicate":{"damage":0.0147247119},"model":"item/wynn/skins/spear/money_spear"},{"predicate":{"damage":0.0153649168},"model":"item/wynn/skins/dagger/money_dagger"},{"predicate":{"damage":0.01600512166},"model":"item/wynn/skins/dagger/pan"},{"predicate":{"damage":0.016645326504481},"model":"item/wynn/skins/relik/evil_relik"},{"predicate":{"damage":0.017285531370038},"model":"item/wynn/skins/relik/corrupt_relik"},{"predicate":{"damage":0.017925736235595},"model":"item/wynn/skins/relik/ice_relik"},{"predicate":{"damage":0.018565941101152},"model":"item/wynn/skins/relik/broccoli"},{"predicate":{"damage":0.019206145966709},"model":"item/wynn/skins/relik/anchor_relik"},{"predicate":{"damage":0.019846350832266},"model":"item/wynn/skins/bow/cannon_bow"},{"predicate":{"damage":0.020486555697823},"model":"item/wynn/skins/relik/phoenix_relik"},{"predicate":{"damage":0.02112676056338},"model":"item/wynn/skins/relik/steampunk_relik"},{"predicate":{"damage":0.021766965428937},"model":"item/wynn/skins/relik/halfmoon_relik"},{"predicate":{"damage":0.022407170294494},"model":"item/wynn/skins/relik/future_relik"},{"predicate":{"damage":0.023047375160051},"model":"item/wynn/skins/relik/money_relik"},{"predicate":{"damage":0.023687580025608},"model":"item/wynn/skins/spear/oar_spear"},{"predicate":{"damage":0.024327784891165},"model":"item/wynn/skins/wand/atlas_wand"},{"predicate":{"damage":0.024967989756722},"model":"item/wynn/skins/dagger/hook_dagger"},{"predicate":{"damage":0.025608194622279},"model":"item/wynn/skins/relik/fellowship_relik"},{"predicate":{"damage":0.026248399487836},"model":"item/wynn/skins/dagger/rune_dagger"},{"predicate":{"damage":0.026888604353393},"model":"item/wynn/skins/spear/rune_spear"},{"predicate":{"damage":0.02752880921895},"model":"item/wynn/skins/bow/rune_crossbow"},{"predicate":{"damage":0.028169014084507},"model":"item/wynn/skins/wand/rune_staff"},{"predicate":{"damage":0.028809218950064},"model":"item/wynn/skins/relik/rune_relik"},{"predicate":{"damage":0.029449423815621},"model":"item/wynn/skins/spear/dynasty_spear"},{"predicate":{"damage":0.030089628681178},"model":"item/wynn/skins/dagger/dynasty_dagger"},{"predicate":{"damage":0.030729833546735},"model":"item/wynn/skins/wand/dynasty_wand"},{"predicate":{"damage":0.031370038412292},"model":"item/wynn/skins/relik/dynasty_relik"},{"predicate":{"damage":0.032010243277849},"model":"item/wynn/skins/bow/dynasty_bow"},{"predicate":{"damage":0.03267136450993},"model":"item/wynn/skins/wand/decay_wand"},{"predicate":{"damage":0.033290653008963},"model":"item/wynn/skins/bow/decay_bow"},{"predicate":{"damage":0.03393085787452},"model":"item/wynn/skins/dagger/decay_dagger"},{"predicate":{"damage":0.034571062740077},"model":"item/wynn/skins/relik/decay_relik"},{"predicate":{"damage":0.035211267605634},"model":"item/wynn/skins/spear/decay_spear"},{"predicate":{"damage":0.035851472471191},"model":"item/wynn/skins/wand/driftwood_wand"},{"predicate":{"damage":0.036491677336748},"model":"item/wynn/skins/bow/driftwood_bow"},{"predicate":{"damage":0.037131882202305},"model":"item/wynn/skins/dagger/driftwood_dagger"},{"predicate":{"damage":0.037772087067862},"model":"item/wynn/skins/relik/driftwood_relik"},{"predicate":{"damage":0.038136899423447},"model":"item/wynn/skins/spear/driftwood_spear"},{"predicate":{"damage":0.039077514413837},"model":"item/wynn/skins/wand/rose"},{"predicate":{"damage":0.039718129404228},"model":"item/wynn/skins/spear/harvest_spear"},{"predicate":{"damage":0.040358744394619},"model":"item/wynn/skins/wand/harvest_wand"},{"predicate":{"damage":0.04099935938501},"model":"item/wynn/skins/dagger/harvest_sickle"},{"predicate":{"damage":0.0416399743754},"model":"item/wynn/skins/relik/harvest_relik"},{"predicate":{"damage":0.042280589365791},"model":"item/wynn/skins/bow/harvest_bow"},{"predicate":{"damage":0.042921204356182},"model":"item/wynn/skins/spear/spectral_spear"},{"predicate":{"damage":0.043561819346573},"model":"item/wynn/skins/relik/spectral_relik"},{"predicate":{"damage":0.044202434336963},"model":"item/wynn/skins/dagger/spectral_dagger"},{"predicate":{"damage":0.044843049327354},"model":"item/wynn/skins/wand/spectral_wand"},{"predicate":{"damage":0.045483664317745},"model":"item/wynn/skins/bow/spectral_bow"},{"predicate":{"damage":0.046124279308136},"model":"item/wynn/skins/spear/boreal_spear"},{"predicate":{"damage":0.046764894298527},"model":"item/wynn/skins/relik/boreal_relik"},{"predicate":{"damage":0.047405509288917},"model":"item/wynn/skins/bow/boreal_bow"},{"predicate":{"damage":0.048046124279308},"model":"item/wynn/skins/dagger/boreal_dagger"},{"predicate":{"damage":0.048686739269699},"model":"item/wynn/skins/wand/boreal_wand"},{"predicate":{"damage":0.04932735426009},"model":"item/wynn/skins/spear/cosmic_spear"},{"predicate":{"damage":0.04996796925048},"model":"item/wynn/skins/relik/cosmic_relik"},{"predicate":{"damage":0.050608584240871},"model":"item/wynn/skins/wand/cosmic_wand"},{"predicate":{"damage":0.051249199231262},"model":"item/wynn/skins/dagger/cosmic_dagger"},{"predicate":{"damage":0.051889814221653},"model":"item/wynn/skins/bow/cosmic_bow"},{"predicate":{"damage":0.052530429212044},"model":"item/wynn/skins/relik/voodoo_doll"},{"predicate":{"damage":0.053171044202434},"model":"item/wynn/skins/relik/candy_relik"},{"predicate":{"damage":0.053811659192825},"model":"item/wynn/skins/bow/candy_bow"},{"predicate":{"damage":0.054452274183216},"model":"item/wynn/skins/spear/candy_spear"},{"predicate":{"damage":0.055092889173607},"model":"item/wynn/skins/wand/candy_wand"},{"predicate":{"damage":0.055733504163997},"model":"item/wynn/skins/dagger/candy_dagger"},{"predicate":{"damage":0.056374119154388},"model":"item/wynn/skins/dagger/seraphim_dagger"},{"predicate":{"damage":0.057014734144779},"model":"item/wynn/skins/spear/seraphim_spear"},{"predicate":{"damage":0.05765534913517},"model":"item/wynn/skins/wand/seraphim_wand"},{"predicate":{"damage":0.058295964125561},"model":"item/wynn/skins/bow/seraphim_bow"},{"predicate":{"damage":0.058936579115951},"model":"item/wynn/skins/relik/seraphim_relik"},{"predicate":{"damage":0.059577194106342},"model":"item/wynn/skins/dagger/music_dagger"},{"predicate":{"damage":0.060217809096733},"model":"item/wynn/skins/spear/music_spear"},{"predicate":{"damage":0.060858424087124},"model":"item/wynn/skins/wand/music_wand"},{"predicate":{"damage":0.061499039077514},"model":"item/wynn/skins/bow/music_bow"},{"predicate":{"damage":0.062139654067905},"model":"item/wynn/skins/relik/music_relik"},{"predicate":{"damage":0.062780269058296},"model":"item/wynn/skins/dagger/toy_dagger"},{"predicate":{"damage":0.063420884048687},"model":"item/wynn/skins/spear/toy_spear"},{"predicate":{"damage":0.064061499039078},"model":"item/wynn/skins/wand/toy_wand"},{"predicate":{"damage":0.064702114029468},"model":"item/wynn/skins/bow/toy_bow"},{"predicate":{"damage":0.065342729019859},"model":"item/wynn/skins/relik/toy_relik"},{"predicate":{"damage":0.06598334401025},"model":"item/wynn/skins/relik/pan_pipes_relik"},{"predicate":{"damage":0.066623959000641},"model":"item/wynn/skins/bow/tropical_bow"},{"predicate":{"damage":0.067264573991031},"model":"item/wynn/skins/dagger/tropical_dagger"},{"predicate":{"damage":0.067905188981422},"model":"item/wynn/skins/relik/tropical_relik"},{"predicate":{"damage":0.068545803971813},"model":"item/wynn/skins/spear/tropical_spear"},{"predicate":{"damage":0.069186418962204},"model":"item/wynn/skins/wand/tropical_wand"},{"predicate":{"damage":0.069827033952594},"model":"item/wynn/skins/bow/bonfire_bow"},{"predicate":{"damage":0.070467648942985},"model":"item/wynn/skins/dagger/bonfire_dagger"},{"predicate":{"damage":0.071108263933376},"model":"item/wynn/skins/relik/bonfire_relik"},{"predicate":{"damage":0.071748878923767},"model":"item/wynn/skins/spear/bonfire_spear"},{"predicate":{"damage":0.072389493914158},"model":"item/wynn/skins/wand/bonfire_wand"},{"predicate":{"damage":0.073030108904548},"model":"item/wynn/skins/wand/squid_wand"},{"predicate":{"damage":0.073670723894939},"model":"item/wynn/skins/bow/frostbound_bow"},{"predicate":{"damage":0.07431133888533},"model":"item/wynn/skins/dagger/frostbound_dagger"},{"predicate":{"damage":0.074951953875721},"model":"item/wynn/skins/relik/frostbound_relik"},{"predicate":{"damage":0.075592568866111},"model":"item/wynn/skins/spear/frostbound_spear"},{"predicate":{"damage":0.076233183856502},"model":"item/wynn/skins/wand/frostbound_wand"},{"predicate":{"damage":0.076873798846893},"model":"item/wynn/skins/bow/sharpshooter_rifle"},{"predicate":{"damage":0.077514413837284},"model":"item/wynn/skins/dagger/trickster_main_gauche"},{"predicate":{"damage":0.078155028827675},"model":"item/wynn/skins/relik/summoner_marionette"},{"predicate":{"damage":0.078795643818065},"model":"item/wynn/skins/spear/paladin_greatsword"},{"predicate":{"damage":0.079436258808456},"model":"item/wynn/skins/wand/light_bearer_sceptre"},{"predicate":{"damage":0.080076873798847},"model":"item/wynn/skins/bow/heroic_bow"},{"predicate":{"damage":0.080717488789238},"model":"item/wynn/skins/dagger/heroic_dagger"},{"predicate":{"damage":0.081358103779628},"model":"item/wynn/skins/relik/heroic_relik"},{"predicate":{"damage":0.081998718770019},"model":"item/wynn/skins/spear/heroic_spear"},{"predicate":{"damage":0.08263933376041},"model":"item/wynn/skins/wand/heroic_wand"},{"predicate":{"damage":0.083279948750801},"model":"item/wynn/skins/bow/brawler_blunderbuss"},{"predicate":{"damage":0.083920563741192},"model":"item/wynn/skins/dagger/brawler_trowel"},{"predicate":{"damage":0.084561178731582},"model":"item/wynn/skins/relik/brawler_whiskey"},{"predicate":{"damage":0.085201793721973},"model":"item/wynn/skins/spear/brawler_rake"},{"predicate":{"damage":0.085842408712364},"model":"item/wynn/skins/wand/brawler_broom"},{"predicate":{"damage":0.086483023702755},"model":"item/wynn/skins/bow/boltslinger_repeater"},{"predicate":{"damage":0.087123638693145},"model":"item/wynn/skins/dagger/acrobat_katana"},{"predicate":{"damage":0.087764253683536},"model":"item/wynn/skins/relik/ritualist_focus"},{"predicate":{"damage":0.088404868673927},"model":"item/wynn/skins/spear/battle_monk_guandao"},{"predicate":{"damage":0.089045483664318},"model":"item/wynn/skins/wand/arcanist_tome"},{"predicate":{"damage":0.089686098654709},"model":"item/barrier"}]}