{"parent":"item/handheld","textures":{"layer0":"item/golden_pickaxe"},"overrides":[{"predicate":{"damage":0.03125},"model":"item/barrier"},{"predicate":{"damage":0.0625},"model":"item/wynn/gui/lootrun/boon_option"},{"predicate":{"damage":0.09375},"model":"item/wynn/gui/beacon/yellow"},{"predicate":{"damage":0.125},"model":"item/wynn/gui/beacon/blue"},{"predicate":{"damage":0.15625},"model":"item/wynn/gui/beacon/purple"},{"predicate":{"damage":0.1875},"model":"item/wynn/gui/beacon/gray"},{"predicate":{"damage":0.21875},"model":"item/wynn/gui/beacon/orange"},{"predicate":{"damage":0.25},"model":"item/wynn/gui/beacon/red"},{"predicate":{"damage":0.28125},"model":"item/wynn/gui/beacon/dark_gray"},{"predicate":{"damage":0.3125},"model":"item/wynn/gui/beacon/white"},{"predicate":{"damage":0.34375},"model":"item/wynn/gui/beacon/cyan"},{"predicate":{"damage":0.375},"model":"item/wynn/gui/beacon/rainbow"},{"predicate":{"damage":0.40625},"model":"item/wynn/gui/buttons/sort"},{"predicate":{"damage":0.4375},"model":"item/wynn/gui/buttons/filter"},{"predicate":{"damage":0.46875},"model":"item/wynn/gui/buttons/progress"},{"predicate":{"damage":0.5},"model":"item/barrier"},{"predicate":{"damage":0.53125},"model":"item/barrier"},{"predicate":{"damage":0.5625},"model":"item/barrier"},{"predicate":{"damage":0.59375},"model":"item/barrier"},{"predicate":{"damage":0.625},"model":"item/wynn/gui/content/content_locked"},{"predicate":{"damage":0.65625},"model":"item/wynn/gui/content/content_complete"},{"predicate":{"damage":0.6875},"model":"item/wynn/gui/content/dialogue_history"},{"predicate":{"damage":0.71875},"model":"item/barrier"},{"predicate":{"damage":0.75},"model":"item/wynn/gui/lootrun/start_daily"},{"predicate":{"damage":0.78125},"model":"item/wynn/gui/lootrun/start_normal"},{"predicate":{"damage":0.8125},"model":"item/wynn/gui/lootrun/start_fail"},{"predicate":{"damage":0.84375},"model":"item/barrier"},{"predicate":{"damage":0.875},"model":"item/barrier"},{"predicate":{"damage":0.90625},"model":"item/barrier"},{"predicate":{"damage":0.9375},"model":"item/barrier"},{"predicate":{"damage":0.96875},"model":"item/barrier"}]}