{"parent":"item/handheld","textures":{"layer0":"item/golden_axe"},"overrides":[{"predicate":{"damage":0.03125},"model":"item/gui/compass/left_compass"},{"predicate":{"damage":0.0625},"model":"item/gui/compass/right_compass"},{"predicate":{"damage":0.09375},"model":"item/gui/compass/ability_tree"},{"predicate":{"damage":0.125},"model":"item/gui/compass/strength_book"},{"predicate":{"damage":0.15625},"model":"item/gui/compass/dexterity_book"},{"predicate":{"damage":0.1875},"model":"item/gui/compass/intelligence_book"},{"predicate":{"damage":0.21875},"model":"item/gui/compass/defense_book"},{"predicate":{"damage":0.25},"model":"item/gui/compass/agility_book"},{"predicate":{"damage":0.28125},"model":"item/gui/compass/skill_crystal"},{"predicate":{"damage":0.3125},"model":"item/gui/tutorial_0"},{"predicate":{"damage":0.34375},"model":"item/gui/tutorial_1"},{"predicate":{"damage":0.375},"model":"item/gui/buttons/note_green"},{"predicate":{"damage":0.40625},"model":"item/gui/buttons/note_yellow"},{"predicate":{"damage":0.4375},"model":"item/gui/buttons/note_gray"},{"predicate":{"damage":0.46875},"model":"item/gui/store/silverbull"},{"predicate":{"damage":0.5},"model":"item/wynn/gui/content/frame_boss"},{"predicate":{"damage":0.53125},"model":"item/wynn/gui/content/frame_boss_a"},{"predicate":{"damage":0.5625},"model":"item/wynn/gui/content/frame_cave"},{"predicate":{"damage":0.59375},"model":"item/wynn/gui/content/frame_cave_a"},{"predicate":{"damage":0.625},"model":"item/wynn/gui/content/frame_discovery"},{"predicate":{"damage":0.65625},"model":"item/wynn/gui/content/frame_discovery_a"},{"predicate":{"damage":0.6875},"model":"item/wynn/gui/content/frame_dungeon"},{"predicate":{"damage":0.71875},"model":"item/wynn/gui/content/frame_dungeon_a"},{"predicate":{"damage":0.75},"model":"item/wynn/gui/content/frame_miniquest"},{"predicate":{"damage":0.78125},"model":"item/wynn/gui/content/frame_miniquest_a"},{"predicate":{"damage":0.8125},"model":"item/wynn/gui/content/frame_quest"},{"predicate":{"damage":0.84375},"model":"item/wynn/gui/content/frame_quest_a"},{"predicate":{"damage":0.875},"model":"item/wynn/gui/content/frame_story"},{"predicate":{"damage":0.90625},"model":"item/wynn/gui/content/frame_story_a"},{"predicate":{"damage":0.9375},"model":"item/wynn/gui/content/frame_raid"},{"predicate":{"damage":0.96875},"model":"item/wynn/gui/content/frame_raid_a"}]}