{"parent":"item/handheld","textures":{"layer0":"item/golden_shovel"},"overrides":[{"predicate":{"damage":0.03125},"model":"item/gui/shop/left_shop"},{"predicate":{"damage":0.0625},"model":"item/gui/shop/right_shop"},{"predicate":{"damage":0.09375},"model":"item/gui/equipment_slot"},{"predicate":{"damage":0.125},"model":"item/gui/crafting/main"},{"predicate":{"damage":0.15625},"model":"item/gui/crafting/item_slot"},{"predicate":{"damage":0.1875},"model":"item/gui/crafting/material_slot"},{"predicate":{"damage":0.21875},"model":"item/gui/crafting/arrow_up"},{"predicate":{"damage":0.25},"model":"item/gui/crafting/arrow_down"},{"predicate":{"damage":0.28125},"model":"item/gui/row"},{"predicate":{"damage":0.3125},"model":"item/gui/compass/skill_gui_bottom"},{"predicate":{"damage":0.34375},"model":"item/gui/crafting/column_offset"},{"predicate":{"damage":0.375},"model":"item/gui/compass/skill_gui_top"},{"predicate":{"damage":0.40625},"model":"item/gui/compass/side_column"},{"predicate":{"damage":0.4375},"model":"item/gui/buttons/arrow_left"},{"predicate":{"damage":0.46875},"model":"item/gui/buttons/arrow_right"},{"predicate":{"damage":0.5},"model":"item/gui/buttons/arrow_right_red"},{"predicate":{"damage":0.53125},"model":"item/gui/buttons/check_gray"},{"predicate":{"damage":0.5625},"model":"item/gui/buttons/check_red"},{"predicate":{"damage":0.59375},"model":"item/gui/buttons/check_yellow"},{"predicate":{"damage":0.625},"model":"item/gui/buttons/check_green"},{"predicate":{"damage":0.65625},"model":"item/gui/buttons/refresh"},{"predicate":{"damage":0.6875},"model":"item/gui/buttons/add"},{"predicate":{"damage":0.71875},"model":"item/gui/trade_icon"},{"predicate":{"damage":0.75},"model":"item/wynn/gui/beacon/pink"},{"predicate":{"damage":0.78125},"model":"item/wynn/gui/beacon/green"},{"predicate":{"damage":0.8125},"model":"item/gui/tome/left_tome"},{"predicate":{"damage":0.84375},"model":"item/gui/tome/right_tome"},{"predicate":{"damage":0.875},"model":"item/gui/ability/left_ability_0"},{"predicate":{"damage":0.90625},"model":"item/gui/ability/left_ability_1"},{"predicate":{"damage":0.9375},"model":"item/gui/ability/right_ability_0"},{"predicate":{"damage":0.96875},"model":"item/gui/ability/right_ability_1"}]}