{"parent":"item/handheld","textures":{"layer0":"item/stone_shovel"},"overrides":[{"predicate":{"damage":0.0075},"model":"item/wynn/loot/identifier_0"},{"predicate":{"damage":0.015},"model":"item/wynn/loot/identifier_1"},{"predicate":{"damage":0.0225},"model":"item/wynn/loot/identifier_2"},{"predicate":{"damage":0.03},"model":"item/wynn/loot/identifier_3"},{"predicate":{"damage":0.0375},"model":"item/wynn/loot/identifier_4"},{"predicate":{"damage":0.045},"model":"item/wynn/loot/identifier_5"},{"predicate":{"damage":0.0525},"model":"item/wynn/shaman/relik_basic_wooden"},{"predicate":{"damage":0.06},"model":"item/wynn/shaman/relik_basic_gold"},{"predicate":{"damage":0.0675},"model":"item/wynn/shaman/relik_earth_a"},{"predicate":{"damage":0.075},"model":"item/wynn/shaman/relik_earth_b"},{"predicate":{"damage":0.0825},"model":"item/wynn/shaman/relik_earth_c"},{"predicate":{"damage":0.09},"model":"item/wynn/shaman/relik_thunder_a"},{"predicate":{"damage":0.0975},"model":"item/wynn/shaman/relik_thunder_b"},{"predicate":{"damage":0.105},"model":"item/wynn/shaman/relik_thunder_c"},{"predicate":{"damage":0.1125},"model":"item/wynn/shaman/relik_fire_a"},{"predicate":{"damage":0.12},"model":"item/wynn/shaman/relik_fire_b"},{"predicate":{"damage":0.1275},"model":"item/wynn/shaman/relik_fire_c"},{"predicate":{"damage":0.135},"model":"item/wynn/shaman/relik_air_a"},{"predicate":{"damage":0.1425},"model":"item/wynn/shaman/relik_air_b"},{"predicate":{"damage":0.15},"model":"item/wynn/shaman/relik_air_c"},{"predicate":{"damage":0.1575},"model":"item/wynn/shaman/relik_water_a"},{"predicate":{"damage":0.165},"model":"item/wynn/shaman/relik_water_b"},{"predicate":{"damage":0.1725},"model":"item/wynn/shaman/relik_water_c"},{"predicate":{"damage":0.18},"model":"item/wynn/shaman/relik_multi_a"},{"predicate":{"damage":0.1875},"model":"item/wynn/shaman/relik_multi_b"},{"predicate":{"damage":0.195},"model":"item/wynn/shaman/relik_multi_c"},{"predicate":{"damage":0.2025},"model":"item/wynn/mob_totem"},{"predicate":{"damage":0.21},"model":"item/wynn/shaman_summon"},{"predicate":{"damage":0.2175},"model":"item/wynn/skyseer_summon"},{"predicate":{"damage":0.225},"model":"item/wynn/loot/dungeon_key"},{"predicate":{"damage":0.2325},"model":"item/wynn/loot/rune_az"},{"predicate":{"damage":0.24},"model":"item/wynn/loot/rune_ek"},{"predicate":{"damage":0.2475},"model":"item/wynn/loot/rune_nii"},{"predicate":{"damage":0.255},"model":"item/wynn/loot/rune_tol"},{"predicate":{"damage":0.2625},"model":"item/wynn/loot/rune_uth"},{"predicate":{"damage":0.27},"model":"item/wynn/shield"},{"predicate":{"damage":0.2775},"model":"item/stone_shovel"},{"predicate":{"damaged":1},"model":"item/barrier"}]}