{"parent":"item/handheld","textures":{"layer0":"item/stone_axe"},"overrides":[{"predicate":{"damage":0.0076},"model":"item/gui/ability/branch/0"},{"predicate":{"damage":0.0152},"model":"item/gui/ability/branch/0_active_0"},{"predicate":{"damage":0.0229},"model":"item/gui/ability/branch/0_active_1"},{"predicate":{"damage":0.0305},"model":"item/gui/ability/branch/0_active_2"},{"predicate":{"damage":0.0381},"model":"item/gui/ability/branch/0_active_3"},{"predicate":{"damage":0.0458},"model":"item/gui/ability/branch/0_active_4"},{"predicate":{"damage":0.0534},"model":"item/gui/ability/branch/0_active_5"},{"predicate":{"damage":0.061},"model":"item/gui/ability/branch/0_active_6"},{"predicate":{"damage":0.0687},"model":"item/gui/ability/branch/0_active_7"},{"predicate":{"damage":0.0763},"model":"item/gui/ability/branch/0_active_8"},{"predicate":{"damage":0.0839},"model":"item/gui/ability/branch/0_active_9"},{"predicate":{"damage":0.0916},"model":"item/gui/ability/branch/0_active_10"},{"predicate":{"damage":0.0992},"model":"item/gui/ability/branch/1"},{"predicate":{"damage":0.1068},"model":"item/gui/ability/branch/1_active_0"},{"predicate":{"damage":0.1145},"model":"item/gui/ability/branch/1_active_1"},{"predicate":{"damage":0.1221},"model":"item/gui/ability/branch/1_active_2"},{"predicate":{"damage":0.1297},"model":"item/gui/ability/branch/1_active_3"},{"predicate":{"damage":0.1374},"model":"item/gui/ability/branch/2"},{"predicate":{"damage":0.145},"model":"item/gui/ability/branch/2_active_0"},{"predicate":{"damage":0.1526},"model":"item/gui/ability/branch/2_active_1"},{"predicate":{"damage":0.1603},"model":"item/gui/ability/branch/2_active_2"},{"predicate":{"damage":0.1679},"model":"item/gui/ability/branch/2_active_3"},{"predicate":{"damage":0.1755},"model":"item/gui/ability/branch/3"},{"predicate":{"damage":0.1832},"model":"item/gui/ability/branch/3_active_0"},{"predicate":{"damage":0.1908},"model":"item/gui/ability/branch/3_active_1"},{"predicate":{"damage":0.1984},"model":"item/gui/ability/branch/3_active_2"},{"predicate":{"damage":0.2061},"model":"item/gui/ability/branch/3_active_3"},{"predicate":{"damage":0.2137},"model":"item/gui/ability/branch/4"},{"predicate":{"damage":0.2213},"model":"item/gui/ability/branch/4_active_0"},{"predicate":{"damage":0.229},"model":"item/gui/ability/branch/4_active_1"},{"predicate":{"damage":0.2366},"model":"item/gui/ability/branch/4_active_2"},{"predicate":{"damage":0.2442},"model":"item/gui/ability/branch/4_active_3"},{"predicate":{"damage":0.2519},"model":"item/gui/ability/branch/5"},{"predicate":{"damage":0.2595},"model":"item/gui/ability/branch/5_active_0"},{"predicate":{"damage":0.2671},"model":"item/gui/ability/branch/6"},{"predicate":{"damage":0.2748},"model":"item/gui/ability/branch/6_active_0"},{"predicate":{"damage":0.2824},"model":"item/gui/ability/branch/7"},{"predicate":{"damage":0.29},"model":"item/gui/ability/branch/7_active_0"},{"predicate":{"damage":0.2977},"model":"item/gui/ability/branch/8"},{"predicate":{"damage":0.3053},"model":"item/gui/ability/branch/8_active_0"},{"predicate":{"damage":0.3129},"model":"item/gui/ability/branch/9"},{"predicate":{"damage":0.3206},"model":"item/gui/ability/branch/9_active_0"},{"predicate":{"damage":0.3282},"model":"item/gui/ability/branch/10"},{"predicate":{"damage":0.3358},"model":"item/gui/ability/branch/10_active_0"},{"predicate":{"damage":0.3435},"model":"item/gui/ability/button/0"},{"predicate":{"damage":0.3511},"model":"item/gui/ability/button/0_pulse"},{"predicate":{"damage":0.3587},"model":"item/gui/ability/button/0_active"},{"predicate":{"damage":0.3664},"model":"item/gui/ability/button/0_shatter"},{"predicate":{"damage":0.374},"model":"item/gui/ability/button/1"},{"predicate":{"damage":0.3816},"model":"item/gui/ability/button/1_pulse"},{"predicate":{"damage":0.3893},"model":"item/gui/ability/button/1_active"},{"predicate":{"damage":0.3969},"model":"item/gui/ability/button/1_shatter"},{"predicate":{"damage":0.4045},"model":"item/gui/ability/button/2"},{"predicate":{"damage":0.4122},"model":"item/gui/ability/button/2_pulse"},{"predicate":{"damage":0.4198},"model":"item/gui/ability/button/2_active"},{"predicate":{"damage":0.4274},"model":"item/gui/ability/button/2_shatter"},{"predicate":{"damage":0.4351},"model":"item/gui/ability/button/3"},{"predicate":{"damage":0.4427},"model":"item/gui/ability/button/3_pulse"},{"predicate":{"damage":0.4503},"model":"item/gui/ability/button/3_active"},{"predicate":{"damage":0.458},"model":"item/gui/ability/button/3_shatter"},{"predicate":{"damage":0.4656},"model":"item/gui/ability/button/4"},{"predicate":{"damage":0.4732},"model":"item/gui/ability/button/4_pulse"},{"predicate":{"damage":0.4809},"model":"item/gui/ability/button/4_active"},{"predicate":{"damage":0.4885},"model":"item/gui/ability/button/5"},{"predicate":{"damage":0.4961},"model":"item/gui/ability/button/5_pulse"},{"predicate":{"damage":0.5038},"model":"item/gui/ability/button/5_active"},{"predicate":{"damage":0.5114},"model":"item/gui/ability/button/6"},{"predicate":{"damage":0.519},"model":"item/gui/ability/button/6_pulse"},{"predicate":{"damage":0.5267},"model":"item/gui/ability/button/6_active"},{"predicate":{"damage":0.5343},"model":"item/gui/ability/button/7"},{"predicate":{"damage":0.5419},"model":"item/gui/ability/button/7_pulse"},{"predicate":{"damage":0.5496},"model":"item/gui/ability/button/7_active"},{"predicate":{"damage":0.5572},"model":"item/gui/ability/button/8"},{"predicate":{"damage":0.5648},"model":"item/gui/ability/button/8_pulse"},{"predicate":{"damage":0.5725},"model":"item/gui/ability/button/8_active"},{"predicate":{"damage":0.5801},"model":"item/gui/ability/button/archetype_0"},{"predicate":{"damage":0.5877},"model":"item/gui/ability/button/archetype_1"},{"predicate":{"damage":0.5954},"model":"item/gui/ability/button/archetype_2"},{"predicate":{"damage":0.603},"model":"item/gui/ability/button/archetype_3"},{"predicate":{"damage":0.6106},"model":"item/gui/ability/button/archetype_4"},{"predicate":{"damage":0.6183},"model":"item/gui/ability/button/archetype_5"},{"predicate":{"damage":0.6259},"model":"item/gui/ability/button/archetype_6"},{"predicate":{"damage":0.6335},"model":"item/gui/ability/button/arrow_0"},{"predicate":{"damage":0.6412},"model":"item/gui/ability/button/arrow_1"},{"predicate":{"damage":0.6488},"model":"item/gui/ability/button/arrow_2"},{"predicate":{"damage":0.6564},"model":"item/gui/ability/button/arrow_3"},{"predicate":{"damage":0.6641},"model":"item/gui/ability/button/orb_0"},{"predicate":{"damage":0.6717},"model":"item/gui/ability/button/orb_1"},{"predicate":{"damage":0.6793},"model":"item/gui/ability/pattern"},{"predicate":{"damage":0.687},"model":"item/gui/ability/button/check_0"},{"predicate":{"damage":0.6946},"model":"item/gui/ability/button/check_1"},{"predicate":{"damage":0.7022},"model":"item/gui/ability/button/plus"},{"predicate":{"damage":0.7099},"model":"item/barrier"}]}