{"parent":"builtin/entity","textures":{"particle":"block/soul_sand"},"display":{"firstperson_righthand":{"rotation":[-25,-65,-25],"translation":[1,5,2],"scale":[0.6,0.6,0.6]},"firstperson_lefthand":{"rotation":[-25,-65,-25],"translation":[1,5,2],"scale":[0.6,0.6,0.6]},"thirdperson_righthand":{"rotation":[45,45,0],"translation":[0,3,0],"scale":[0.5,0.5,0.5]},"thirdperson_lefthand":{"rotation":[45,45,0],"translation":[0,3,0],"scale":[0.5,0.5,0.5]},"gui":{"rotation":[25,35,0],"translation":[0,3.5,0],"scale":[0.9,0.9,0.9]},"fixed":{"rotation":[0,180,0],"translation":[0,4,0],"scale":[1,1,1]},"ground":{"rotation":[0,0,0],"translation":[0,3,0],"scale":[0.5,0.5,0.5]}}}