{"parent":"minecraft:item/handheld","textures":{"layer0":"minecraft:item/wooden_shovel"},"overrides":[{"predicate":{"damage":0.0169},"model":"item/wynn/mage/wand_basic_gold"},{"predicate":{"damage":0.0338},"model":"item/wynn/mage/wand_earth_a"},{"predicate":{"damage":0.0507},"model":"item/wynn/mage/wand_earth_b"},{"predicate":{"damage":0.0676},"model":"item/wynn/mage/wand_earth_c"},{"predicate":{"damage":0.0845},"model":"item/wynn/mage/wand_thunder_a"},{"predicate":{"damage":0.1014},"model":"item/wynn/mage/wand_thunder_b"},{"predicate":{"damage":0.1183},"model":"item/wynn/mage/wand_thunder_c"},{"predicate":{"damage":0.1352},"model":"item/wynn/mage/wand_fire_a"},{"predicate":{"damage":0.1521},"model":"item/wynn/mage/wand_fire_b"},{"predicate":{"damage":0.169},"model":"item/wynn/mage/wand_fire_c"},{"predicate":{"damage":0.1859},"model":"item/wynn/mage/wand_air_a"},{"predicate":{"damage":0.2028},"model":"item/wynn/mage/wand_air_b"},{"predicate":{"damage":0.2197},"model":"item/wynn/mage/wand_air_c"},{"predicate":{"damage":0.2366},"model":"item/wynn/mage/wand_water_a"},{"predicate":{"damage":0.2535},"model":"item/wynn/mage/wand_water_b"},{"predicate":{"damage":0.2704},"model":"item/wynn/mage/wand_water_c"},{"predicate":{"damage":0.2873},"model":"item/wynn/mage/wand_multi_a"},{"predicate":{"damage":0.3042},"model":"item/wynn/mage/wand_multi_b"},{"predicate":{"damage":0.3211},"model":"item/wynn/mage/wand_multi_c"},{"predicate":{"damage":0.338},"model":"item/wynn/mage/wand_basic_diamond"},{"predicate":{"damage":0.3549},"model":"item/wooden_shovel"},{"predicate":{"damaged":1},"model":"item/barrier"}]}