{"providers":[{"type":"space","advances":{" ":4,"‌":0}},{"type":"bitmap","file":"font/misc/empty.png","ascent":8,"height":8,"chars":["À"]},{"type":"bitmap","file":"font/misc/fade.png","ascent":512,"height":1024,"chars":["Á"]},{"type":"bitmap","file":"font/misc/wynn.png","ascent":48,"height":96,"chars":["⁠⁡","⁢⁣"]},{"type":"bitmap","file":"font/misc/split.png","ascent":-32768,"height":-3,"chars":["⁤"]},{"type":"bitmap","file":"font/misc/pride.png","ascent":8,"height":8,"chars":["⬎"]},{"type":"bitmap","file":"font/misc/gear.png","ascent":7,"height":8,"chars":["⬟"]},{"type":"bitmap","file":"font/misc/lock.png","ascent":9,"height":12,"chars":["⬠"]},{"type":"bitmap","file":"font/misc/shiny.png","ascent":7,"height":8,"chars":["⬡"]},{"type":"bitmap","file":"font/combat/knockback.png","ascent":8,"height":8,"chars":["⬌"]},{"type":"bitmap","file":"font/combat/blindness.png","ascent":8,"height":8,"chars":["⬣"]},{"type":"bitmap","file":"font/combat/slowness.png","ascent":8,"height":8,"chars":["⬤"]},{"type":"bitmap","file":"font/combat/lunatic.png","ascent":8,"height":8,"chars":["⬏"]},{"type":"bitmap","file":"font/combat/fanatic.png","ascent":8,"height":8,"chars":["⬐"]},{"type":"bitmap","file":"font/combat/coward.png","ascent":8,"height":8,"chars":["⬑"]},{"type":"bitmap","file":"font/misc/split.png","ascent":0,"height":0,"chars":["֎"]},{"type":"bitmap","file":"font/profession/cooking.png","ascent":7,"height":8,"chars":["Ⓐ"]},{"type":"bitmap","file":"font/profession/mining.png","ascent":7,"height":8,"chars":["Ⓑ"]},{"type":"bitmap","file":"font/profession/woodcutting.png","ascent":7,"height":8,"chars":["Ⓒ"]},{"type":"bitmap","file":"font/profession/jeweling.png","ascent":7,"height":8,"chars":["Ⓓ"]},{"type":"bitmap","file":"font/profession/scribing.png","ascent":7,"height":8,"chars":["Ⓔ"]},{"type":"bitmap","file":"font/profession/tailoring.png","ascent":7,"height":8,"chars":["Ⓕ"]},{"type":"bitmap","file":"font/profession/weaponsmithing.png","ascent":7,"height":8,"chars":["Ⓖ"]},{"type":"bitmap","file":"font/profession/armouring.png","ascent":7,"height":8,"chars":["Ⓗ"]},{"type":"bitmap","file":"font/profession/woodworking.png","ascent":7,"height":8,"chars":["Ⓘ"]},{"type":"bitmap","file":"font/profession/farming.png","ascent":7,"height":8,"chars":["Ⓙ"]},{"type":"bitmap","file":"font/profession/fishing.png","ascent":7,"height":8,"chars":["Ⓚ"]},{"type":"bitmap","file":"font/profession/alchemism.png","ascent":7,"height":8,"chars":["Ⓛ"]},{"type":"bitmap","file":"font/misc/e.png","ascent":8,"height":8,"chars":["²"]},{"type":"bitmap","file":"font/misc/b.png","ascent":8,"height":8,"chars":["½"]},{"type":"bitmap","file":"font/misc/l.png","ascent":8,"height":8,"chars":["¼"]},{"type":"bitmap","file":"font/language/wynnic/a.png","ascent":8,"height":8,"chars":["⒜"]},{"type":"bitmap","file":"font/language/wynnic/b.png","ascent":8,"height":8,"chars":["⒝"]},{"type":"bitmap","file":"font/language/wynnic/c.png","ascent":8,"height":8,"chars":["⒞"]},{"type":"bitmap","file":"font/language/wynnic/d.png","ascent":8,"height":8,"chars":["⒟"]},{"type":"bitmap","file":"font/language/wynnic/e.png","ascent":8,"height":8,"chars":["⒠"]},{"type":"bitmap","file":"font/language/wynnic/f.png","ascent":8,"height":8,"chars":["⒡"]},{"type":"bitmap","file":"font/language/wynnic/g.png","ascent":8,"height":8,"chars":["⒢"]},{"type":"bitmap","file":"font/language/wynnic/h.png","ascent":8,"height":8,"chars":["⒣"]},{"type":"bitmap","file":"font/language/wynnic/i.png","ascent":8,"height":8,"chars":["⒤"]},{"type":"bitmap","file":"font/language/wynnic/j.png","ascent":8,"height":8,"chars":["⒥"]},{"type":"bitmap","file":"font/language/wynnic/k.png","ascent":8,"height":8,"chars":["⒦"]},{"type":"bitmap","file":"font/language/wynnic/l.png","ascent":8,"height":8,"chars":["⒧"]},{"type":"bitmap","file":"font/language/wynnic/m.png","ascent":8,"height":8,"chars":["⒨"]},{"type":"bitmap","file":"font/language/wynnic/n.png","ascent":8,"height":8,"chars":["⒩"]},{"type":"bitmap","file":"font/language/wynnic/o.png","ascent":8,"height":8,"chars":["⒪"]},{"type":"bitmap","file":"font/language/wynnic/p.png","ascent":8,"height":8,"chars":["⒫"]},{"type":"bitmap","file":"font/language/wynnic/q.png","ascent":8,"height":8,"chars":["⒬"]},{"type":"bitmap","file":"font/language/wynnic/r.png","ascent":8,"height":8,"chars":["⒭"]},{"type":"bitmap","file":"font/language/wynnic/s.png","ascent":8,"height":8,"chars":["⒮"]},{"type":"bitmap","file":"font/language/wynnic/t.png","ascent":8,"height":8,"chars":["⒯"]},{"type":"bitmap","file":"font/language/wynnic/u.png","ascent":8,"height":8,"chars":["⒰"]},{"type":"bitmap","file":"font/language/wynnic/v.png","ascent":8,"height":8,"chars":["⒱"]},{"type":"bitmap","file":"font/language/wynnic/w.png","ascent":8,"height":8,"chars":["⒲"]},{"type":"bitmap","file":"font/language/wynnic/x.png","ascent":8,"height":8,"chars":["⒳"]},{"type":"bitmap","file":"font/language/wynnic/y.png","ascent":8,"height":8,"chars":["⒴"]},{"type":"bitmap","file":"font/language/wynnic/z.png","ascent":8,"height":8,"chars":["⒵"]},{"type":"bitmap","file":"font/language/wynnic/1.png","ascent":8,"height":8,"chars":["⑴"]},{"type":"bitmap","file":"font/language/wynnic/2.png","ascent":8,"height":8,"chars":["⑵"]},{"type":"bitmap","file":"font/language/wynnic/3.png","ascent":8,"height":8,"chars":["⑶"]},{"type":"bitmap","file":"font/language/wynnic/4.png","ascent":8,"height":8,"chars":["⑷"]},{"type":"bitmap","file":"font/language/wynnic/5.png","ascent":8,"height":8,"chars":["⑸"]},{"type":"bitmap","file":"font/language/wynnic/6.png","ascent":8,"height":8,"chars":["⑹"]},{"type":"bitmap","file":"font/language/wynnic/7.png","ascent":8,"height":8,"chars":["⑺"]},{"type":"bitmap","file":"font/language/wynnic/8.png","ascent":8,"height":8,"chars":["⑻"]},{"type":"bitmap","file":"font/language/wynnic/9.png","ascent":8,"height":8,"chars":["⑼"]},{"type":"bitmap","file":"font/language/wynnic/10.png","ascent":8,"height":8,"chars":["⑽"]},{"type":"bitmap","file":"font/language/wynnic/50.png","ascent":8,"height":8,"chars":["⑾"]},{"type":"bitmap","file":"font/language/wynnic/100.png","ascent":8,"height":8,"chars":["⑿"]},{"type":"bitmap","file":"font/language/wynnic/pe.png","ascent":8,"height":8,"chars":["０"]},{"type":"bitmap","file":"font/language/wynnic/ex.png","ascent":8,"height":8,"chars":["１"]},{"type":"bitmap","file":"font/language/wynnic/qu.png","ascent":8,"height":8,"chars":["２"]},{"type":"bitmap","file":"font/language/high_gavellian/a.png","ascent":8,"height":8,"chars":["ⓐ"]},{"type":"bitmap","file":"font/language/high_gavellian/b.png","ascent":8,"height":8,"chars":["ⓑ"]},{"type":"bitmap","file":"font/language/high_gavellian/c.png","ascent":8,"height":8,"chars":["ⓒ"]},{"type":"bitmap","file":"font/language/high_gavellian/d.png","ascent":8,"height":8,"chars":["ⓓ"]},{"type":"bitmap","file":"font/language/high_gavellian/e.png","ascent":8,"height":8,"chars":["ⓔ"]},{"type":"bitmap","file":"font/language/high_gavellian/f.png","ascent":8,"height":8,"chars":["ⓕ"]},{"type":"bitmap","file":"font/language/high_gavellian/g.png","ascent":8,"height":8,"chars":["ⓖ"]},{"type":"bitmap","file":"font/language/high_gavellian/h.png","ascent":8,"height":8,"chars":["ⓗ"]},{"type":"bitmap","file":"font/language/high_gavellian/i.png","ascent":8,"height":8,"chars":["ⓘ"]},{"type":"bitmap","file":"font/language/high_gavellian/j.png","ascent":8,"height":8,"chars":["ⓙ"]},{"type":"bitmap","file":"font/language/high_gavellian/k.png","ascent":8,"height":8,"chars":["ⓚ"]},{"type":"bitmap","file":"font/language/high_gavellian/l.png","ascent":8,"height":8,"chars":["ⓛ"]},{"type":"bitmap","file":"font/language/high_gavellian/m.png","ascent":8,"height":8,"chars":["ⓜ"]},{"type":"bitmap","file":"font/language/high_gavellian/n.png","ascent":8,"height":8,"chars":["ⓝ"]},{"type":"bitmap","file":"font/language/high_gavellian/o.png","ascent":8,"height":8,"chars":["ⓞ"]},{"type":"bitmap","file":"font/language/high_gavellian/p.png","ascent":8,"height":8,"chars":["ⓟ"]},{"type":"bitmap","file":"font/language/high_gavellian/q.png","ascent":8,"height":8,"chars":["ⓠ"]},{"type":"bitmap","file":"font/language/high_gavellian/r.png","ascent":8,"height":8,"chars":["ⓡ"]},{"type":"bitmap","file":"font/language/high_gavellian/s.png","ascent":8,"height":8,"chars":["ⓢ"]},{"type":"bitmap","file":"font/language/high_gavellian/t.png","ascent":8,"height":8,"chars":["ⓣ"]},{"type":"bitmap","file":"font/language/high_gavellian/u.png","ascent":8,"height":8,"chars":["ⓤ"]},{"type":"bitmap","file":"font/language/high_gavellian/v.png","ascent":8,"height":8,"chars":["ⓥ"]},{"type":"bitmap","file":"font/language/high_gavellian/w.png","ascent":8,"height":8,"chars":["ⓦ"]},{"type":"bitmap","file":"font/language/high_gavellian/x.png","ascent":8,"height":8,"chars":["ⓧ"]},{"type":"bitmap","file":"font/language/high_gavellian/y.png","ascent":8,"height":8,"chars":["ⓨ"]},{"type":"bitmap","file":"font/language/high_gavellian/z.png","ascent":8,"height":8,"chars":["ⓩ"]},{"type":"bitmap","file":"font/misc/split.png","ascent":-32768,"height":-16,"chars":[""]},{"type":"bitmap","file":"font/marker/speak.png","ascent":12,"height":16,"chars":[""]},{"type":"bitmap","file":"font/marker/liquid_emerald.png","ascent":12,"height":16,"chars":[""]},{"type":"bitmap","file":"item/emerald.png","ascent":12,"height":16,"chars":[""]},{"type":"bitmap","file":"item/barrier.png","ascent":12,"height":16,"chars":[""]},{"type":"bitmap","file":"item/saddle.png","ascent":12,"height":16,"chars":[""]},{"type":"bitmap","file":"item/iron_pickaxe.png","ascent":12,"height":16,"chars":[""]},{"type":"bitmap","file":"item/iron_sword.png","ascent":12,"height":16,"chars":[""]},{"type":"bitmap","file":"font/marker/helmet.png","ascent":12,"height":16,"chars":[""]},{"type":"bitmap","file":"wynn/key.png","ascent":12,"height":16,"chars":[""]},{"type":"bitmap","file":"wynn/dungeon_key.png","ascent":12,"height":16,"chars":[""]},{"type":"bitmap","file":"item/book.png","ascent":12,"height":16,"chars":[""]},{"type":"bitmap","file":"wynn/economy/scrap.png","ascent":12,"height":16,"chars":[""]},{"type":"bitmap","file":"item/ender_eye.png","ascent":12,"height":16,"chars":[""]},{"type":"bitmap","file":"font/chat/banner_full.png","ascent":7,"height":7,"chars":[""]},{"type":"bitmap","file":"font/chat/banner.png","ascent":7,"height":7,"chars":[""]},{"type":"bitmap","file":"font/chat/banner_start.png","ascent":7,"height":7,"chars":[""]},{"type":"bitmap","file":"font/chat/banner_end.png","ascent":7,"height":7,"chars":[""]},{"type":"bitmap","file":"font/misc/split.png","ascent":-9,"height":-9,"chars":[""]},{"type":"bitmap","file":"font/misc/split.png","ascent":4,"height":4,"chars":[""]},{"type":"bitmap","file":"font/chat/rank_admin.png","ascent":7,"height":7,"chars":[""]},{"type":"bitmap","file":"font/chat/rank_art.png","ascent":7,"height":7,"chars":[""]},{"type":"bitmap","file":"font/chat/rank_build.png","ascent":7,"height":7,"chars":[""]},{"type":"bitmap","file":"font/chat/rank_champion.png","ascent":7,"height":7,"chars":[""]},{"type":"bitmap","file":"font/chat/rank_command.png","ascent":7,"height":7,"chars":[""]},{"type":"bitmap","file":"font/chat/rank_developer.png","ascent":7,"height":7,"chars":[""]},{"type":"bitmap","file":"font/chat/rank_gamemaster.png","ascent":7,"height":7,"chars":[""]},{"type":"bitmap","file":"font/chat/rank_hero.png","ascent":7,"height":7,"chars":[""]},{"type":"bitmap","file":"font/chat/rank_hybrid.png","ascent":7,"height":7,"chars":[""]},{"type":"bitmap","file":"font/chat/rank_item.png","ascent":7,"height":7,"chars":[""]},{"type":"bitmap","file":"font/chat/rank_media.png","ascent":7,"height":7,"chars":[""]},{"type":"bitmap","file":"font/chat/rank_moderator.png","ascent":7,"height":7,"chars":[""]},{"type":"bitmap","file":"font/chat/rank_music.png","ascent":7,"height":7,"chars":[""]},{"type":"bitmap","file":"font/chat/rank_owner.png","ascent":7,"height":7,"chars":[""]},{"type":"bitmap","file":"font/chat/rank_quality.png","ascent":7,"height":7,"chars":[""]},{"type":"bitmap","file":"font/chat/rank_vip.png","ascent":7,"height":7,"chars":[""]},{"type":"bitmap","file":"font/chat/rank_vipplus.png","ascent":7,"height":7,"chars":[""]},{"type":"bitmap","file":"font/chat/rank_web.png","ascent":7,"height":7,"chars":[""]},{"type":"bitmap","file":"font/chat/badge_craftsman.png","ascent":7,"height":7,"chars":[""]},{"type":"bitmap","file":"font/chat/badge_hardcore.png","ascent":7,"height":7,"chars":[""]},{"type":"bitmap","file":"font/chat/badge_hunted.png","ascent":7,"height":7,"chars":[""]},{"type":"bitmap","file":"font/chat/badge_ironman.png","ascent":7,"height":7,"chars":[""]},{"type":"bitmap","file":"font/chat/badge_veteran.png","ascent":7,"height":7,"chars":[""]},{"type":"bitmap","file":"font/chat/badge_silverbull.png","ascent":7,"height":7,"chars":[""]},{"type":"bitmap","file":"font/chat/archetype.png","ascent":7,"height":7,"chars":["\u0000","\u0000\u0000\u0000\u0000\u0000\u0000\u0000\u0000\u0000\u0000\u0000"]},{"type":"bitmap","file":"font/five.png","ascent":6,"height":7,"chars":["","",""]},{"type":"bitmap","file":"font/chat/banner_short.png","ascent":7,"height":7,"chars":[""]},{"type":"bitmap","file":"font/misc/split.png","ascent":-8,"height":-8,"chars":[""]},{"type":"bitmap","file":"wynn/gui/content/book.png","ascent":13,"height":256,"chars":[""]},{"type":"bitmap","file":"wynn/gui/lootrun/boon.png","ascent":13,"height":256,"chars":[""]},{"type":"bitmap","file":"wynn/gui/ability/ability.png","ascent":17,"height":256,"chars":[""]},{"type":"bitmap","file":"wynn/gui/compass/compass.png","ascent":22,"height":256,"chars":[""]},{"type":"bitmap","file":"wynn/gui/shop/shop.png","ascent":18,"height":256,"chars":[""]},{"type":"bitmap","file":"wynn/gui/tome/tome.png","ascent":15,"height":256,"chars":[""]},{"type":"bitmap","file":"wynn/gui/lootrun/start.png","ascent":13,"height":256,"chars":[""]},{"type":"bitmap","file":"wynn/gui/lootrun/treasure.png","ascent":60,"height":256,"chars":[""]}]}