{"ambientocclusion":false,"textures":{"particle":"#bottom"},"elements":[{"from":[0,0,0],"to":[3,16,16],"faces":{"north":{"uv":[3,0,0,16],"texture":"#bottom","cullface":"north"},"east":{"uv":[16,0,0,16],"texture":"#bottom"},"south":{"uv":[0,0,3,16],"texture":"#bottom","cullface":"south"},"west":{"uv":[0,0,16,16],"texture":"#bottom","cullface":"west"},"up":{"uv":[16,13,0,16],"rotation":90,"texture":"#bottom","cullface":"up"},"down":{"uv":[16,13,0,16],"rotation":90,"texture":"#bottom","cullface":"down"}}}]}