{"parent":"block/block","textures":{"side":"block_variants/enchanting_table_side","top":"block_variants/enchanting_table_top","particle":"block_variants/enchanting_table_bottom","bottom":"block_variants/enchanting_table_bottom","book":"block_variants/enchanting_table_item_book"},"elements":[{"from":[0,8,0],"to":[16,12,16],"faces":{"north":{"uv":[0,4,16,8],"texture":"#side","cullface":"north"},"east":{"uv":[0,4,16,8],"texture":"#side","cullface":"east"},"south":{"uv":[0,4,16,8],"texture":"#side","cullface":"south"},"west":{"uv":[0,4,16,8],"texture":"#side","cullface":"west"},"up":{"uv":[0,0,16,16],"texture":"#top"},"down":{"uv":[0,0,16,16],"texture":"#bottom"}}},{"from":[3.5,4,3],"to":[13,8,13],"faces":{"north":{"uv":[3,11,13,15],"texture":"#side","cullface":"west"},"east":{"uv":[3,11,13,15],"texture":"#side","cullface":"west"},"south":{"uv":[3,11,13,15],"texture":"#side","cullface":"west"},"west":{"uv":[3,11,13,15],"texture":"#side","cullface":"west"}}},{"from":[0,0,0],"to":[16,4,16],"faces":{"north":{"uv":[0,12,16,16],"texture":"#side","cullface":"north"},"east":{"uv":[0,12,16,16],"texture":"#side","cullface":"east"},"south":{"uv":[0,12,16,16],"texture":"#side","cullface":"south"},"west":{"uv":[0,12,16,16],"texture":"#side","cullface":"west"},"up":{"uv":[0,0,16,16],"texture":"#bottom"},"down":{"uv":[0,0,16,16],"texture":"#bottom"}}},{"from":[-0.05,5,5],"to":[16.05,12,11],"faces":{"east":{"uv":[5,4,11,11],"texture":"#side","cullface":"south"},"west":{"uv":[5,4,11,11],"texture":"#side","cullface":"north"}}},{"from":[5,5,-0.05],"to":[11,12,16.05],"faces":{"north":{"uv":[5,4,11,11],"texture":"#side","cullface":"north"},"south":{"uv":[5,4,11,11],"texture":"#side","cullface":"south"}}},{"from":[3,12,5],"to":[13,15,11],"rotation":{"angle":-22.5,"axis":"y","origin":[8,8,8]},"faces":{"north":{"uv":[10,0,0,3],"texture":"#book"},"east":{"uv":[6,12,0,15],"texture":"#book"},"south":{"uv":[0,9,10,12],"texture":"#book"},"west":{"uv":[0,12,6,15],"texture":"#book"},"up":{"uv":[0,3,10,9],"texture":"#book"}}}],"display":{}}