{"ambientocclusion":false,"textures":{"particle":"block/flower_pot","flowerpot":"block/flower_pot","cactus":"block_variants/potted_cactus"},"elements":[{"from":[5,0,5],"to":[11,5,11],"faces":{"north":{"uv":[5,11,11,16],"texture":"#flowerpot"},"east":{"uv":[5,11,11,16],"texture":"#flowerpot"},"south":{"uv":[5,11,11,16],"texture":"#flowerpot"},"west":{"uv":[5,11,11,16],"texture":"#flowerpot"},"up":{"uv":[5,5,11,11],"texture":"#flowerpot"},"down":{"uv":[5,5,11,11],"texture":"#flowerpot","cullface":"down"}}},{"from":[6,5,10],"to":[11,6,11],"faces":{"north":{"uv":[5,10,10,11],"texture":"#flowerpot"},"east":{"uv":[5,10,6,11],"texture":"#flowerpot"},"south":{"uv":[6,10,11,11],"texture":"#flowerpot"},"up":{"uv":[6,10,11,11],"texture":"#flowerpot"},"down":{"uv":[6,5,11,6],"texture":"#flowerpot"}}},{"from":[5,5,5],"to":[10,6,6],"faces":{"north":{"uv":[6,10,11,11],"texture":"#flowerpot"},"south":{"uv":[5,10,10,11],"texture":"#flowerpot"},"west":{"uv":[5,10,6,11],"texture":"#flowerpot"},"up":{"uv":[5,5,10,6],"texture":"#flowerpot"},"down":{"uv":[5,10,10,11],"texture":"#flowerpot"}}},{"from":[5,5,6],"to":[6,6,11],"faces":{"east":{"uv":[5,10,10,11],"texture":"#flowerpot"},"south":{"uv":[5,10,6,11],"texture":"#flowerpot"},"west":{"uv":[6,10,11,11],"texture":"#flowerpot"},"up":{"uv":[5,6,6,11],"texture":"#flowerpot"},"down":{"uv":[5,5,6,10],"texture":"#flowerpot"}}},{"from":[10,5,5],"to":[11,6,10],"faces":{"north":{"uv":[5,10,6,11],"texture":"#flowerpot"},"east":{"uv":[6,10,11,11],"texture":"#flowerpot"},"west":{"uv":[5,10,10,11],"texture":"#flowerpot"},"up":{"uv":[10,5,11,10],"texture":"#flowerpot"},"down":{"uv":[10,6,11,11],"texture":"#flowerpot"}}},{"from":[6,5,6],"to":[10,17,10],"faces":{"north":{"uv":[6,4,10,16],"texture":"#cactus"},"east":{"uv":[6,4,10,16],"texture":"#cactus"},"south":{"uv":[6,4,10,16],"texture":"#cactus"},"west":{"uv":[6,4,10,16],"texture":"#cactus"},"up":{"uv":[6,6,10,10],"texture":"#cactus"}}},{"from":[7,17,7],"to":[9,18,9],"faces":{"north":{"uv":[7,3,9,4],"texture":"#cactus"},"east":{"uv":[7,3,9,4],"texture":"#cactus"},"south":{"uv":[7,3,9,4],"texture":"#cactus"},"west":{"uv":[7,3,9,4],"texture":"#cactus"},"up":{"uv":[7,7,9,9],"texture":"#cactus"}}},{"from":[8,5,5],"to":[8,18,11],"rotation":{"angle":22.5,"axis":"y","origin":[8,8,8],"rescale":true},"faces":{"east":{"uv":[5,3,11,16],"texture":"#cactus"},"west":{"uv":[5,3,11,16],"texture":"#cactus"}}},{"from":[5,5,8],"to":[11,18,8],"rotation":{"angle":22.5,"axis":"y","origin":[8,8,8],"rescale":true},"faces":{"north":{"uv":[11,3,5,16],"texture":"#cactus"},"south":{"uv":[11,3,5,16],"texture":"#cactus"}}},{"from":[8,5,5],"to":[8,18,11],"rotation":{"angle":-22.5,"axis":"y","origin":[8,8,8],"rescale":true},"faces":{"east":{"uv":[5,3,11,16],"texture":"#cactus"},"west":{"uv":[5,3,11,16],"texture":"#cactus"}}},{"from":[5,5,8],"to":[11,18,8],"rotation":{"angle":-22.5,"axis":"y","origin":[8,8,8],"rescale":true},"faces":{"north":{"uv":[11,3,5,16],"texture":"#cactus"},"south":{"uv":[11,3,5,16],"texture":"#cactus"}}},{"from":[4.5,5,8],"to":[11.5,18,8],"rotation":{"angle":45,"axis":"y","origin":[8,8,8]},"faces":{"north":{"uv":[5,3,11,16],"texture":"#cactus"},"south":{"uv":[5,3,11,16],"texture":"#cactus"}}},{"from":[8,5,4.5],"to":[8,18,11.5],"rotation":{"angle":45,"axis":"y","origin":[8,8,8]},"faces":{"east":{"uv":[5,3,11,16],"texture":"#cactus"},"west":{"uv":[5,3,11,16],"texture":"#cactus"}}}],"display":{"thirdperson_righthand":{"rotation":[75,45,0],"translation":[0,2.5,0],"scale":[0.375,0.375,0.375]},"thirdperson_lefthand":{"rotation":[75,45,0],"translation":[0,2.5,0],"scale":[0.375,0.375,0.375]},"firstperson_righthand":{"rotation":[0,45,0],"scale":[0.4,0.4,0.4]},"firstperson_lefthand":{"rotation":[0,225,0],"scale":[0.4,0.4,0.4]},"ground":{"translation":[0,3,0],"scale":[0.25,0.25,0.25]},"gui":{"rotation":[30,225,0],"scale":[0.625,0.625,0.625]},"fixed":{"scale":[0.5,0.5,0.5]}}}